STATE,REGION,FIRE_YEAR,fires,acres,zero,ratio_to_prior_nonzero,break_up,break_down,break,first_year,last_year,run_id,window_start,window_end,coverage_ok
AK,Alaska,1992,480,142717.3,False,,False,False,False,1992,2020,1,1992,2020,True
AK,Alaska,1993,859,687191.1,False,1.7895833333333333,False,False,False,1992,2020,1,1992,2020,True
AK,Alaska,1994,639,261964.69999999998,False,0.7438882421420256,False,False,False,1992,2020,1,1992,2020,True
AK,Alaska,1995,414,43961.6,False,0.647887323943662,False,False,False,1992,2020,1,1992,2020,True
AK,Alaska,1996,718,598797.2,False,1.7342995169082125,False,False,False,1992,2020,1,1992,2020,True
AK,Alaska,1997,720,2026144.5,False,1.0027855153203342,False,False,False,1992,2020,1,1992,2020,True
AK,Alaska,1998,408,120782.1,False,0.5666666666666667,False,False,False,1992,2020,1,1992,2020,True
AK,Alaska,1999,482,1005843.69999,False,1.1813725490196079,False,False,False,1992,2020,1,1992,2020,True
AK,Alaska,2000,364,756379.2000000001,False,0.7551867219917012,False,False,False,1992,2020,1,1992,2020,True
AK,Alaska,2001,359,219924.5,False,0.9862637362637363,False,False,False,1992,2020,1,1992,2020,True
AK,Alaska,2002,537,2186646.0,False,1.4958217270194987,False,False,False,1992,2020,1,1992,2020,True
AK,Alaska,2003,478,601674.01,False,0.8901303538175046,False,False,False,1992,2020,1,1992,2020,True
AK,Alaska,2004,694,6591868.60019,False,1.4518828451882846,False,False,False,1992,2020,1,1992,2020,True
AK,Alaska,2005,619,4635898.652,False,0.8919308357348703,False,False,False,1992,2020,1,1992,2020,True
AK,Alaska,2006,301,254513.8,False,0.4862681744749596,False,False,False,1992,2020,1,1992,2020,True
AK,Alaska,2007,513,634466.1,False,1.7043189368770764,False,False,False,1992,2020,1,1992,2020,True
AK,Alaska,2008,369,92477.59999999999,False,0.7192982456140351,False,False,False,1992,2020,1,1992,2020,True
AK,Alaska,2009,513,2949593.97,False,1.3902439024390243,False,False,False,1992,2020,1,1992,2020,True
AK,Alaska,2010,690,1137532.57,False,1.345029239766082,False,False,False,1992,2020,1,1992,2020,True
AK,Alaska,2011,508,293004.1,False,0.736231884057971,False,False,False,1992,2020,1,1992,2020,True
AK,Alaska,2012,409,300587.0,False,0.8051181102362205,False,False,False,1992,2020,1,1992,2020,True
AK,Alaska,2013,592,1320759.3,False,1.4474327628361858,False,False,False,1992,2020,1,1992,2020,True
AK,Alaska,2014,393,233601.28,False,0.6638513513513513,False,False,False,1992,2020,1,1992,2020,True
AK,Alaska,2015,771,5138703.66,False,1.9618320610687023,False,False,False,1992,2020,1,1992,2020,True
AK,Alaska,2016,576,501072.75,False,0.7470817120622568,False,False,False,1992,2020,1,1992,2020,True
AK,Alaska,2017,360,653973.2,False,0.625,False,False,False,1992,2020,1,1992,2020,True
AK,Alaska,2018,359,411034.95,False,0.9972222222222222,False,False,False,1992,2020,1,1992,2020,True
AK,Alaska,2019,721,2671811.21,False,2.0083565459610027,False,False,False,1992,2020,1,1992,2020,True
AK,Alaska,2020,349,181309.4,False,0.4840499306518724,False,False,False,1992,2020,1,1992,2020,True
AL,South,1992,93,1253.2,False,,False,False,False,1992,2020,1,1994,2016,False
AL,South,1993,137,2336.8,False,1.4731182795698925,False,False,False,1992,2020,1,1994,2016,False
AL,South,1994,3452,34664.4,False,25.197080291970803,True,False,True,1992,2020,2,1994,2016,True
AL,South,1995,4230,38896.6,False,1.2253765932792584,False,False,False,1992,2020,2,1994,2016,True
AL,South,1996,4048,47683.2,False,0.9569739952718677,False,False,False,1992,2020,2,1994,2016,True
AL,South,1997,2591,22055.4,False,0.6400691699604744,False,False,False,1992,2020,2,1994,2016,True
AL,South,1998,3566,35560.6,False,1.3763025858741798,False,False,False,1992,2020,2,1994,2016,True
AL,South,1999,4501,52548.2,False,1.2621985417835109,False,False,False,1992,2020,2,1994,2016,True
AL,South,2000,6266,94067.4,False,1.3921350810930904,False,False,False,1992,2020,2,1994,2016,True
AL,South,2001,3309,39095.1,False,0.528088094478136,False,False,False,1992,2020,2,1994,2016,True
AL,South,2002,2926,38696.0,False,0.8842550619522515,False,False,False,1992,2020,2,1994,2016,True
AL,South,2003,1819,20653.47,False,0.6216678058783321,False,False,False,1992,2020,2,1994,2016,True
AL,South,2004,3052,46853.04,False,1.6778449697636064,False,False,False,1992,2020,2,1994,2016,True
AL,South,2005,2547,43207.97,False,0.8345347313237221,False,False,False,1992,2020,2,1994,2016,True
AL,South,2006,3947,79549.12,False,1.5496662740478995,False,False,False,1992,2020,2,1994,2016,True
AL,South,2007,3833,56785.19,False,0.9711173042817329,False,False,False,1992,2020,2,1994,2016,True
AL,South,2008,2006,23247.09,False,0.5233498565092617,False,False,False,1992,2020,2,1994,2016,True
AL,South,2009,1370,24875.739999999998,False,0.6829511465603191,False,False,False,1992,2020,2,1994,2016,True
AL,South,2010,2913,42078.47,False,2.126277372262774,False,False,False,1992,2020,2,1994,2016,True
AL,South,2011,2042,54097.18,False,0.7009955372468246,False,False,False,1992,2020,2,1994,2016,True
AL,South,2012,1747,29156.46,False,0.8555337904015671,False,False,False,1992,2020,2,1994,2016,True
AL,South,2013,1670,29935.41,False,0.9559244419004007,False,False,False,1992,2020,2,1994,2016,True
AL,South,2014,2418,37961.505,False,1.4479041916167665,False,False,False,1992,2020,2,1994,2016,True
AL,South,2015,2074,30833.71,False,0.8577336641852771,False,False,False,1992,2020,2,1994,2016,True
AL,South,2016,3775,57107.92,False,1.8201542912246866,False,False,False,1992,2020,2,1994,2016,True
AL,South,2017,1241,20635.66,False,0.3287417218543046,False,True,True,1992,2020,3,1994,2016,False
AL,South,2018,909,11638.789999999999,False,0.7324738114423852,False,False,False,1992,2020,3,1994,2016,False
AL,South,2019,1569,29199.39,False,1.726072607260726,False,False,False,1992,2020,3,1994,2016,False
AL,South,2020,782,11814.380000000001,False,0.4984066284257489,False,False,False,1992,2020,3,1994,2016,False
AR,South,1992,128,1478.5,False,,False,False,False,1992,2020,1,1997,2020,False
AR,South,1993,151,1760.2,False,1.1796875,False,False,False,1992,2020,1,1997,2020,False
AR,South,1994,167,2303.9,False,1.1059602649006623,False,False,False,1992,2020,1,1997,2020,False
AR,South,1995,240,5190.4,False,1.437125748502994,False,False,False,1992,2020,1,1997,2020,False
AR,South,1996,224,5286.8,False,0.9333333333333333,False,False,False,1992,2020,1,1997,2020,False
AR,South,1997,1040,11442.4,False,4.642857142857143,True,False,True,1992,2020,2,1997,2020,True
AR,South,1998,1156,13023.1,False,1.1115384615384616,False,False,False,1992,2020,2,1997,2020,True
AR,South,1999,2224,24032.3,False,1.9238754325259515,False,False,False,1992,2020,2,1997,2020,True
AR,South,2000,2363,29052.5,False,1.0625,False,False,False,1992,2020,2,1997,2020,True
AR,South,2001,1708,16997.1,False,0.7228099873042743,False,False,False,1992,2020,2,1997,2020,True
AR,South,2002,1474,15770.8,False,0.8629976580796253,False,False,False,1992,2020,2,1997,2020,True
AR,South,2003,1664,25986.17,False,1.1289009497964722,False,False,False,1992,2020,2,1997,2020,True
AR,South,2004,1364,23646.47,False,0.8197115384615384,False,False,False,1992,2020,2,1997,2020,True
AR,South,2005,2296,40433.19,False,1.683284457478006,False,False,False,1992,2020,2,1997,2020,True
AR,South,2006,2571,67939.81,False,1.119773519163763,False,False,False,1992,2020,2,1997,2020,True
AR,South,2007,1300,25684.32,False,0.5056398288603656,False,False,False,1992,2020,2,1997,2020,True
AR,South,2008,883,11199.43,False,0.6792307692307692,False,False,False,1992,2020,2,1997,2020,True
AR,South,2009,1076,17775.74,False,1.218573046432616,False,False,False,1992,2020,2,1997,2020,True
AR,South,2010,2220,34754.71,False,2.063197026022305,False,False,False,1992,2020,2,1997,2020,True
AR,South,2011,2546,47899.69,False,1.146846846846847,False,False,False,1992,2020,2,1997,2020,True
AR,South,2012,2351,38848.49,False,0.9234092694422624,False,False,False,1992,2020,2,1997,2020,True
AR,South,2013,847,13298.69,False,0.36027222458528285,False,False,False,1992,2020,2,1997,2020,True
AR,South,2014,1295,21041.61,False,1.5289256198347108,False,False,False,1992,2020,2,1997,2020,True
AR,South,2015,1290,18934.41,False,0.9961389961389961,False,False,False,1992,2020,2,1997,2020,True
AR,South,2016,1386,31294.76,False,1.0744186046511628,False,False,False,1992,2020,2,1997,2020,True
AR,South,2017,1658,37545.48,False,1.1962481962481963,False,False,False,1992,2020,2,1997,2020,True
AR,South,2018,1056,23086.44,False,0.6369119420989143,False,False,False,1992,2020,2,1997,2020,True
AR,South,2019,623,7838.12,False,0.5899621212121212,False,False,False,1992,2020,2,1997,2020,True
AR,South,2020,646,12049.2,False,1.0369181380417336,False,False,False,1992,2020,2,1997,2020,True
AZ,West,1992,3494,42593.65,False,,False,False,False,1992,2020,1,1992,2020,True
AZ,West,1993,4636,205566.37,False,1.326846021751574,False,False,False,1992,2020,1,1992,2020,True
AZ,West,1994,4519,224199.73500000002,False,0.974762726488352,False,False,False,1992,2020,1,1992,2020,True
AZ,West,1995,4501,262152.58,False,0.9960168178800619,False,False,False,1992,2020,1,1992,2020,True
AZ,West,1996,3761,187400.565,False,0.835592090646523,False,False,False,1992,2020,1,1992,2020,True
AZ,West,1997,2250,13356.9,False,0.5982451475671364,False,False,False,1992,2020,1,1992,2020,True
AZ,West,1998,2679,27378.8,False,1.1906666666666668,False,False,False,1992,2020,1,1992,2020,True
AZ,West,1999,2736,73799.0,False,1.0212765957446808,False,False,False,1992,2020,1,1992,2020,True
AZ,West,2000,3859,92910.3,False,1.410453216374269,False,False,False,1992,2020,1,1992,2020,True
AZ,West,2001,3186,35816.74,False,0.8256024876911117,False,False,False,1992,2020,1,1992,2020,True
AZ,West,2002,2917,629739.34,False,0.9155681104833647,False,False,False,1992,2020,1,1992,2020,True
AZ,West,2003,2915,200010.72,False,0.9993143640726774,False,False,False,1992,2020,1,1992,2020,True
AZ,West,2004,2906,229747.83,False,0.9969125214408233,False,False,False,1992,2020,1,1992,2020,True
AZ,West,2005,3689,902847.08999,False,1.2694425326909842,False,False,False,1992,2020,1,1992,2020,True
AZ,West,2006,3315,181501.38,False,0.8986175115207373,False,False,False,1992,2020,1,1992,2020,True
AZ,West,2007,2442,115184.33,False,0.7366515837104073,False,False,False,1992,2020,1,1992,2020,True
AZ,West,2008,1898,113915.38,False,0.7772317772317773,False,False,False,1992,2020,1,1992,2020,True
AZ,West,2009,2452,222084.76,False,1.291886195995785,False,False,False,1992,2020,1,1992,2020,True
AZ,West,2010,3061,87800.2,False,1.2483686786296901,False,False,False,1992,2020,1,1992,2020,True
AZ,West,2011,3559,1038087.8300000001,False,1.1626919307415877,False,False,False,1992,2020,1,1992,2020,True
AZ,West,2012,3206,229022.02,False,0.9008148356279854,False,False,False,1992,2020,1,1992,2020,True
AZ,West,2013,3083,103408.91,False,0.9616344354335621,False,False,False,1992,2020,1,1992,2020,True
AZ,West,2014,2827,203174.664,False,0.9169639961076873,False,False,False,1992,2020,1,1992,2020,True
AZ,West,2015,3819,155814.27,False,1.350902016271666,False,False,False,1992,2020,1,1992,2020,True
AZ,West,2016,1787,305315.72,False,0.46792354019376803,False,False,False,1992,2020,1,1992,2020,True
AZ,West,2017,4181,437888.804,False,2.339675433687745,False,False,False,1992,2020,1,1992,2020,True
AZ,West,2018,9738,166874.987,False,2.329107868930878,False,False,False,1992,2020,1,1992,2020,True
AZ,West,2019,5810,373563.921,False,0.5966317518997741,False,False,False,1992,2020,1,1992,2020,True
AZ,West,2020,5730,971202.653,False,0.9862306368330465,False,False,False,1992,2020,1,1992,2020,True
CA,West,1992,10831,296439.6,False,,False,False,False,1992,2020,1,1992,2020,True
CA,West,1993,8268,321494.9,False,0.7633644169513434,False,False,False,1992,2020,1,1992,2020,True
CA,West,1994,8649,406965.4,False,1.0460812772133528,False,False,False,1992,2020,1,1992,2020,True
CA,West,1995,7381,216068.7,False,0.8533934558908545,False,False,False,1992,2020,1,1992,2020,True
CA,West,1996,9170,707108.9,False,1.242379081425281,False,False,False,1992,2020,1,1992,2020,True
CA,West,1997,7928,324565.7,False,0.8645583424209379,False,False,False,1992,2020,1,1992,2020,True
CA,West,1998,6861,160008.5,False,0.8654137235116044,False,False,False,1992,2020,1,1992,2020,True
CA,West,1999,8909,804123.2,False,1.2984987611135403,False,False,False,1992,2020,1,1992,2020,True
CA,West,2000,6970,264670.8,False,0.7823549219889999,False,False,False,1992,2020,1,1992,2020,True
CA,West,2001,8163,350140.5,False,1.1711621233859397,False,False,False,1992,2020,1,1992,2020,True
CA,West,2002,7118,515860.0,False,0.8719833394585323,False,False,False,1992,2020,1,1992,2020,True
CA,West,2003,7894,1033343.25,False,1.10901938746839,False,False,False,1992,2020,1,1992,2020,True
CA,West,2004,7407,300885.27,False,0.9383075753737016,False,False,False,1992,2020,1,1992,2020,True
CA,West,2005,10219,263961.76,False,1.3796408802484137,False,False,False,1992,2020,1,1992,2020,True
CA,West,2006,12038,819105.82,False,1.1780017614247968,False,False,False,1992,2020,1,1992,2020,True
CA,West,2007,13428,1061554.3,False,1.1154676856620702,False,False,False,1992,2020,1,1992,2020,True
CA,West,2008,10594,1433970.54,False,0.7889484658921656,False,False,False,1992,2020,1,1992,2020,True
CA,West,2009,9862,465218.99,False,0.9309042854445913,False,False,False,1992,2020,1,1992,2020,True
CA,West,2010,8304,127905.22,False,0.842019874264855,False,False,False,1992,2020,1,1992,2020,True
CA,West,2011,8560,192277.92,False,1.0308285163776494,False,False,False,1992,2020,1,1992,2020,True
CA,West,2012,7198,764759.33,False,0.8408878504672898,False,False,False,1992,2020,1,1992,2020,True
CA,West,2013,8722,581410.272,False,1.2117254792998056,False,False,False,1992,2020,1,1992,2020,True
CA,West,2014,6493,547828.57,False,0.7444393487732172,False,False,False,1992,2020,1,1992,2020,True
CA,West,2015,7355,848437.74,False,1.1327583551517018,False,False,False,1992,2020,1,1992,2020,True
CA,West,2016,7882,574862.96,False,1.071651937457512,False,False,False,1992,2020,1,1992,2020,True
CA,West,2017,9537,1360160.0,False,1.2099720883024614,False,False,False,1992,2020,1,1992,2020,True
CA,West,2018,9488,1635757.6,False,0.9948621159693825,False,False,False,1992,2020,1,1992,2020,True
CA,West,2019,6454,294620.97,False,0.6802276559865092,False,False,False,1992,2020,1,1992,2020,True
CA,West,2020,10198,4253414.89,False,1.580105361016424,False,False,False,1992,2020,1,1992,2020,True
CO,West,1992,1321,7451.4,False,,False,False,False,1992,2020,1,1992,2011,True
CO,West,1993,1244,35555.299999999996,False,0.9417108251324754,False,False,False,1992,2020,1,1992,2011,True
CO,West,1994,2515,70760.6,False,2.0217041800643085,False,False,False,1992,2020,1,1992,2011,True
CO,West,1995,1517,20043.7,False,0.6031809145129224,False,False,False,1992,2020,1,1992,2011,True
CO,West,1996,1405,70040.5,False,0.9261700725115359,False,False,False,1992,2020,1,1992,2011,True
CO,West,1997,722,6038.2,False,0.5138790035587188,False,False,False,1992,2020,1,1992,2011,True
CO,West,1998,765,8379.2,False,1.059556786703601,False,False,False,1992,2020,1,1992,2011,True
CO,West,1999,756,20313.9,False,0.9882352941176471,False,False,False,1992,2020,1,1992,2011,True
CO,West,2000,1618,131784.1,False,2.14021164021164,False,False,False,1992,2020,1,1992,2011,True
CO,West,2001,1267,24221.7,False,0.7830655129789864,False,False,False,1992,2020,1,1992,2011,True
CO,West,2002,1222,479123.75,False,0.9644830307813733,False,False,False,1992,2020,1,1992,2011,True
CO,West,2003,2421,45609.91,False,1.981178396072013,False,False,False,1992,2020,1,1992,2011,True
CO,West,2004,1310,33795.28,False,0.5410987195373812,False,False,False,1992,2020,1,1992,2011,True
CO,West,2005,1875,39413.54,False,1.4312977099236641,False,False,False,1992,2020,1,1992,2011,True
CO,West,2006,1316,45893.759999999995,False,0.7018666666666666,False,False,False,1992,2020,1,1992,2011,True
CO,West,2007,1070,14026.05,False,0.8130699088145896,False,False,False,1992,2020,1,1992,2011,True
CO,West,2008,1015,112023.63,False,0.9485981308411215,False,False,False,1992,2020,1,1992,2011,True
CO,West,2009,952,37723.96,False,0.9379310344827586,False,False,False,1992,2020,1,1992,2011,True
CO,West,2010,2694,51895.06,False,2.8298319327731094,False,False,False,1992,2020,1,1992,2011,True
CO,West,2011,7232,164886.345,False,2.684484038604306,False,False,False,1992,2020,1,1992,2011,True
CO,West,2012,1106,271263.39,False,0.15293141592920353,False,True,True,1992,2020,2,1992,2011,False
CO,West,2013,3894,162130.23,False,3.5207956600361663,True,False,True,1992,2020,3,1992,2011,False
CO,West,2014,3202,26011.11,False,0.8222907036466358,False,False,False,1992,2020,3,1992,2011,False
CO,West,2015,3088,27334.505,False,0.9643972517176764,False,False,False,1992,2020,3,1992,2011,False
CO,West,2016,4628,128657.22,False,1.4987046632124352,False,False,False,1992,2020,3,1992,2011,False
CO,West,2017,5696,130442.70999999999,False,1.2307692307692308,False,False,False,1992,2020,3,1992,2011,False
CO,West,2018,5373,514977.576,False,0.9432935393258427,False,False,False,1992,2020,3,1992,2011,False
CO,West,2019,3005,40732.784999999996,False,0.5592778708356598,False,False,False,1992,2020,3,1992,2011,False
CO,West,2020,4400,694297.315,False,1.464226289517471,False,False,False,1992,2020,3,1992,2011,False
CT,Northeast,1992,202,466.05,False,,False,False,False,1992,2020,1,2005,2012,False
CT,Northeast,1993,103,401.1,False,0.5099009900990099,False,False,False,1992,2020,1,2005,2012,False
CT,Northeast,1994,290,943.15,False,2.8155339805825244,False,False,False,1992,2020,1,2005,2012,False
CT,Northeast,1995,110,427.4,False,0.3793103448275862,False,False,False,1992,2020,1,2005,2012,False
CT,Northeast,1996,27,66.45,False,0.24545454545454545,False,True,True,1992,2020,2,2005,2012,False
CT,Northeast,1997,83,600.35,False,3.074074074074074,True,False,True,1992,2020,3,2005,2012,False
CT,Northeast,1998,30,131.9,False,0.3614457831325301,False,False,False,1992,2020,3,2005,2012,False
CT,Northeast,1999,297,1672.46,False,9.9,True,False,True,1992,2020,4,2005,2012,False
CT,Northeast,2000,126,492.3,False,0.42424242424242425,False,False,False,1992,2020,4,2005,2012,False
CT,Northeast,2001,207,745.1,False,1.6428571428571428,False,False,False,1992,2020,4,2005,2012,False
CT,Northeast,2002,107,188.66,False,0.5169082125603864,False,False,False,1992,2020,4,2005,2012,False
CT,Northeast,2003,95,137.0,False,0.8878504672897196,False,False,False,1992,2020,4,2005,2012,False
CT,Northeast,2004,87,73.25,False,0.9157894736842105,False,False,False,1992,2020,4,2005,2012,False
CT,Northeast,2005,293,254.75,False,3.367816091954023,True,False,True,1992,2020,5,2005,2012,True
CT,Northeast,2006,372,433.5,False,1.2696245733788396,False,False,False,1992,2020,5,2005,2012,True
CT,Northeast,2007,331,281.05,False,0.8897849462365591,False,False,False,1992,2020,5,2005,2012,True
CT,Northeast,2008,366,2055.8,False,1.105740181268882,False,False,False,1992,2020,5,2005,2012,True
CT,Northeast,2009,257,244.83,False,0.7021857923497268,False,False,False,1992,2020,5,2005,2012,True
CT,Northeast,2010,418,456.03000000000003,False,1.6264591439688716,False,False,False,1992,2020,5,2005,2012,True
CT,Northeast,2011,227,237.38,False,0.5430622009569378,False,False,False,1992,2020,5,2005,2012,True
CT,Northeast,2012,576,517.3,False,2.537444933920705,False,False,False,1992,2020,5,2005,2012,True
CT,Northeast,2013,0,0.0,True,,False,False,False,1992,2020,-1,2005,2012,False
CT,Northeast,2014,0,0.0,True,,False,False,False,1992,2020,-1,2005,2012,False
CT,Northeast,2015,372,417.5,False,0.6458333333333334,False,False,False,1992,2020,8,2005,2012,False
CT,Northeast,2016,632,930.16,False,1.6989247311827957,False,False,False,1992,2020,8,2005,2012,False
CT,Northeast,2017,331,388.67,False,0.5237341772151899,False,False,False,1992,2020,8,2005,2012,False
CT,Northeast,2018,67,44.55,False,0.20241691842900303,False,True,True,1992,2020,9,2005,2012,False
CT,Northeast,2019,105,67.9,False,1.5671641791044777,False,False,False,1992,2020,9,2005,2012,False
CT,Northeast,2020,603,366.35,False,5.742857142857143,True,False,True,1992,2020,10,2005,2012,False
DC,Other,1992,3,0.4,False,,False,False,False,1992,2020,1,2005,2020,False
DC,Other,1993,7,9.8,False,2.3333333333333335,False,False,False,1992,2020,1,2005,2020,False
DC,Other,1994,4,5.1000000000000005,False,0.5714285714285714,False,False,False,1992,2020,1,2005,2020,False
DC,Other,1995,5,0.6000000000000001,False,1.25,False,False,False,1992,2020,1,2005,2020,False
DC,Other,1996,0,0.0,True,,False,False,False,1992,2020,-1,2005,2020,False
DC,Other,1997,3,0.30000000000000004,False,0.6,False,False,False,1992,2020,3,2005,2020,False
DC,Other,1998,13,4.3999999999999995,False,4.333333333333333,False,False,False,1992,2020,3,2005,2020,False
DC,Other,1999,8,2.1,False,0.6153846153846154,False,False,False,1992,2020,3,2005,2020,False
DC,Other,2000,0,0.0,True,,False,False,False,1992,2020,-1,2005,2020,False
DC,Other,2001,1,0.1,False,0.125,False,False,False,1992,2020,5,2005,2020,False
DC,Other,2002,1,1.0,False,1.0,False,False,False,1992,2020,5,2005,2020,False
DC,Other,2003,0,0.0,True,,False,False,False,1992,2020,-1,2005,2020,False
DC,Other,2004,0,0.0,True,,False,False,False,1992,2020,-1,2005,2020,False
DC,Other,2005,2,0.2,False,2.0,False,False,False,1992,2020,8,2005,2020,True
DC,Other,2006,3,0.5,False,1.5,False,False,False,1992,2020,8,2005,2020,True
DC,Other,2007,1,0.2,False,0.3333333333333333,False,False,False,1992,2020,8,2005,2020,True
DC,Other,2008,1,0.1,False,1.0,False,False,False,1992,2020,8,2005,2020,True
DC,Other,2009,1,0.5,False,1.0,False,False,False,1992,2020,8,2005,2020,True
DC,Other,2010,1,0.1,False,1.0,False,False,False,1992,2020,8,2005,2020,True
DC,Other,2011,2,0.2,False,2.0,False,False,False,1992,2020,8,2005,2020,True
DC,Other,2012,5,4.4,False,2.5,False,False,False,1992,2020,8,2005,2020,True
DC,Other,2013,1,0.1,False,0.2,False,False,False,1992,2020,8,2005,2020,True
DC,Other,2014,1,0.2,False,1.0,False,False,False,1992,2020,8,2005,2020,True
DC,Other,2015,3,2.2,False,3.0,False,False,False,1992,2020,8,2005,2020,True
DC,Other,2016,4,0.8,False,1.3333333333333333,False,False,False,1992,2020,8,2005,2020,True
DC,Other,2017,9,4.9,False,2.25,False,False,False,1992,2020,8,2005,2020,True
DC,Other,2018,1,0.5,False,0.1111111111111111,False,False,False,1992,2020,8,2005,2020,True
DC,Other,2019,2,0.5,False,2.0,False,False,False,1992,2020,8,2005,2020,True
DC,Other,2020,1,0.1,False,0.5,False,False,False,1992,2020,8,2005,2020,True
DE,Other,1992,3,124.0,False,,False,False,False,1992,2020,1,2012,2017,False
DE,Other,1993,1,1.0,False,0.3333333333333333,False,False,False,1992,2020,1,2012,2017,False
DE,Other,1994,2,96.0,False,2.0,False,False,False,1992,2020,1,2012,2017,False
DE,Other,1995,5,2014.4,False,2.5,False,False,False,1992,2020,1,2012,2017,False
DE,Other,1996,0,0.0,True,,False,False,False,1992,2020,-1,2012,2017,False
DE,Other,1997,5,24.6,False,1.0,False,False,False,1992,2020,3,2012,2017,False
DE,Other,1998,0,0.0,True,,False,False,False,1992,2020,-1,2012,2017,False
DE,Other,1999,2,507.0,False,0.4,False,False,False,1992,2020,5,2012,2017,False
DE,Other,2000,1,65.0,False,0.5,False,False,False,1992,2020,5,2012,2017,False
DE,Other,2001,1,10.5,False,1.0,False,False,False,1992,2020,5,2012,2017,False
DE,Other,2002,39,1270.1,False,39.0,True,False,True,1992,2020,6,2012,2017,False
DE,Other,2003,21,265.3,False,0.5384615384615384,False,False,False,1992,2020,6,2012,2017,False
DE,Other,2004,27,140.7,False,1.2857142857142858,False,False,False,1992,2020,6,2012,2017,False
DE,Other,2005,14,167.4,False,0.5185185185185185,False,False,False,1992,2020,6,2012,2017,False
DE,Other,2006,0,0.0,True,,False,False,False,1992,2020,-1,2012,2017,False
DE,Other,2007,2,0.2,False,0.14285714285714285,False,False,False,1992,2020,8,2012,2017,False
DE,Other,2008,0,0.0,True,,False,False,False,1992,2020,-1,2012,2017,False
DE,Other,2009,0,0.0,True,,False,False,False,1992,2020,-1,2012,2017,False
DE,Other,2010,1,3.0,False,0.5,False,False,False,1992,2020,11,2012,2017,False
DE,Other,2011,0,0.0,True,,False,False,False,1992,2020,-1,2012,2017,False
DE,Other,2012,19,39.85,False,19.0,False,False,False,1992,2020,13,2012,2017,True
DE,Other,2013,9,20.35,False,0.47368421052631576,False,False,False,1992,2020,13,2012,2017,True
DE,Other,2014,3,5.0,False,0.3333333333333333,False,False,False,1992,2020,13,2012,2017,True
DE,Other,2015,16,79.25,False,5.333333333333333,False,False,False,1992,2020,13,2012,2017,True
DE,Other,2016,9,49.0,False,0.5625,False,False,False,1992,2020,13,2012,2017,True
DE,Other,2017,7,22.5,False,0.7777777777777778,False,False,False,1992,2020,13,2012,2017,True
DE,Other,2018,0,0.0,True,,False,False,False,1992,2020,-1,2012,2017,False
DE,Other,2019,6,7.0,False,0.8571428571428571,False,False,False,1992,2020,15,2012,2017,False
DE,Other,2020,5,8.0,False,0.8333333333333334,False,False,False,1992,2020,15,2012,2017,False
FL,South,1992,4222,95279.7,False,,False,False,False,1992,2020,1,1992,2020,True
FL,South,1993,4548,79755.2,False,1.0772145902415917,False,False,False,1992,2020,1,1992,2020,True
FL,South,1994,3530,103085.4,False,0.776165347405453,False,False,False,1992,2020,1,1992,2020,True
FL,South,1995,3186,56682.7,False,0.9025495750708216,False,False,False,1992,2020,1,1992,2020,True
FL,South,1996,4697,107511.5,False,1.4742623979912115,False,False,False,1992,2020,1,1992,2020,True
FL,South,1997,3912,133163.9,False,0.8328720459868001,False,False,False,1992,2020,1,1992,2020,True
FL,South,1998,4813,377720.5,False,1.230316973415133,False,False,False,1992,2020,1,1992,2020,True
FL,South,1999,5484,413350.0,False,1.1394140868481197,False,False,False,1992,2020,1,1992,2020,True
FL,South,2000,6504,266004.8,False,1.1859956236323852,False,False,False,1992,2020,1,1992,2020,True
FL,South,2001,4891,480111.5,False,0.7519987699876999,False,False,False,1992,2020,1,1992,2020,True
FL,South,2002,3131,61954.9,False,0.64015538744633,False,False,False,1992,2020,1,1992,2020,True
FL,South,2003,2148,46211.12,False,0.6860427978281699,False,False,False,1992,2020,1,1992,2020,True
FL,South,2004,3610,204098.22,False,1.680633147113594,False,False,False,1992,2020,1,1992,2020,True
FL,South,2005,2392,39661.57,False,0.6626038781163435,False,False,False,1992,2020,1,1992,2020,True
FL,South,2006,5099,253303.43998,False,2.1316889632107023,False,False,False,1992,2020,1,1992,2020,True
FL,South,2007,4577,547914.93999,False,0.8976269856834673,False,False,False,1992,2020,1,1992,2020,True
FL,South,2008,3100,184477.96,False,0.6772995411841818,False,False,False,1992,2020,1,1992,2020,True
FL,South,2009,3008,144474.14001,False,0.9703225806451613,False,False,False,1992,2020,1,1992,2020,True
FL,South,2010,3291,71298.6,False,1.0940824468085106,False,False,False,1992,2020,1,1992,2020,True
FL,South,2011,5029,331175.8,False,1.5281069583713156,False,False,False,1992,2020,1,1992,2020,True
FL,South,2012,3107,138965.24,False,0.6178166633525551,False,False,False,1992,2020,1,1992,2020,True
FL,South,2013,2163,77107.23,False,0.6961699388477631,False,False,False,1992,2020,1,1992,2020,True
FL,South,2014,2144,156386.41,False,0.9912159038372631,False,False,False,1992,2020,1,1992,2020,True
FL,South,2015,2548,166996.54,False,1.1884328358208955,False,False,False,1992,2020,1,1992,2020,True
FL,South,2016,3052,83810.03,False,1.1978021978021978,False,False,False,1992,2020,1,1992,2020,True
FL,South,2017,3098,449792.97000000003,False,1.0150720838794234,False,False,False,1992,2020,1,1992,2020,True
FL,South,2018,2072,204215.46,False,0.6688185926404132,False,False,False,1992,2020,1,1992,2020,True
FL,South,2019,1938,114471.5,False,0.9353281853281853,False,False,False,1992,2020,1,1992,2020,True
FL,South,2020,2115,118955.8,False,1.0913312693498451,False,False,False,1992,2020,1,1992,2020,True
GA,South,1992,6458,27013.35,False,,False,False,False,1992,2020,1,1992,2020,True
GA,South,1993,9111,40515.590000000004,False,1.4108082997832145,False,False,False,1992,2020,1,1992,2020,True
GA,South,1994,6584,25013.89,False,0.7226429590604764,False,False,False,1992,2020,1,1992,2020,True
GA,South,1995,7966,24456.91,False,1.209902794653706,False,False,False,1992,2020,1,1992,2020,True
GA,South,1996,9872,37975.89,False,1.239266884258097,False,False,False,1992,2020,1,1992,2020,True
GA,South,1997,7234,21908.14,False,0.7327795786061588,False,False,False,1992,2020,1,1992,2020,True
GA,South,1998,7301,45909.78,False,1.0092618191871716,False,False,False,1992,2020,1,1992,2020,True
GA,South,1999,11138,73112.0,False,1.525544445966306,False,False,False,1992,2020,1,1992,2020,True
GA,South,2000,10545,63509.71,False,0.9467588435984916,False,False,False,1992,2020,1,1992,2020,True
GA,South,2001,9568,59626.27,False,0.9073494547178758,False,False,False,1992,2020,1,1992,2020,True
GA,South,2002,7801,166881.32,False,0.8153219063545151,False,False,False,1992,2020,1,1992,2020,True
GA,South,2003,4567,11517.38,False,0.5854377643891808,False,False,False,1992,2020,1,1992,2020,True
GA,South,2004,8127,35208.72996,False,1.7795051456098094,False,False,False,1992,2020,1,1992,2020,True
GA,South,2005,6049,19453.99,False,0.7443090931463024,False,False,False,1992,2020,1,1992,2020,True
GA,South,2006,8925,37917.18001,False,1.4754504876839147,False,False,False,1992,2020,1,1992,2020,True
GA,South,2007,8717,327460.01013,False,0.9766946778711485,False,False,False,1992,2020,1,1992,2020,True
GA,South,2008,5807,25892.21998,False,0.6661695537455546,False,False,False,1992,2020,1,1992,2020,True
GA,South,2009,4176,17790.82998,False,0.7191320819700362,False,False,False,1992,2020,1,1992,2020,True
GA,South,2010,5867,23350.45,False,1.4049329501915708,False,False,False,1992,2020,1,1992,2020,True
GA,South,2011,8413,437903.79000000004,False,1.4339526163286176,False,False,False,1992,2020,1,1992,2020,True
GA,South,2012,4949,25434.62,False,0.5882562700582432,False,False,False,1992,2020,1,1992,2020,True
GA,South,2013,3252,14667.35,False,0.6571024449383713,False,False,False,1992,2020,1,1992,2020,True
GA,South,2014,4063,22215.87,False,1.2493849938499384,False,False,False,1992,2020,1,1992,2020,True
GA,South,2015,2355,11389.9,False,0.5796209697268029,False,False,False,1992,2020,1,1992,2020,True
GA,South,2016,5096,86856.76,False,2.1639065817409766,False,False,False,1992,2020,1,1992,2020,True
GA,South,2017,3660,48210.07,False,0.7182103610675039,False,False,False,1992,2020,1,1992,2020,True
GA,South,2018,2574,14237.48,False,0.7032786885245902,False,False,False,1992,2020,1,1992,2020,True
GA,South,2019,3171,13029.47,False,1.231934731934732,False,False,False,1992,2020,1,1992,2020,True
GA,South,2020,1694,5795.87,False,0.5342163355408388,False,False,False,1992,2020,1,1992,2020,True
HI,Hawaii/PR,1992,77,11161.3,False,,False,False,False,1992,2020,1,2001,2012,False
HI,Hawaii/PR,1993,14,2562.0,False,0.18181818181818182,False,True,True,1992,2020,2,2001,2012,False
HI,Hawaii/PR,1994,9,78.6,False,0.6428571428571429,False,False,False,1992,2020,2,2001,2012,False
HI,Hawaii/PR,1995,10,1027.5,False,1.1111111111111112,False,False,False,1992,2020,2,2001,2012,False
HI,Hawaii/PR,1996,8,380.3,False,0.8,False,False,False,1992,2020,2,2001,2012,False
HI,Hawaii/PR,1997,12,52.0,False,1.5,False,False,False,1992,2020,2,2001,2012,False
HI,Hawaii/PR,1998,26,31675.2,False,2.1666666666666665,False,False,False,1992,2020,2,2001,2012,False
HI,Hawaii/PR,1999,9,15129.5,False,0.34615384615384615,False,False,False,1992,2020,2,2001,2012,False
HI,Hawaii/PR,2000,13,5669.6,False,1.4444444444444444,False,False,False,1992,2020,2,2001,2012,False
HI,Hawaii/PR,2001,566,2352.15,False,43.53846153846154,True,False,True,1992,2020,3,2001,2012,True
HI,Hawaii/PR,2002,576,7013.7,False,1.017667844522968,False,False,False,1992,2020,3,2001,2012,True
HI,Hawaii/PR,2003,941,24297.6,False,1.6336805555555556,False,False,False,1992,2020,3,2001,2012,True
HI,Hawaii/PR,2004,687,3901.3,False,0.7300743889479278,False,False,False,1992,2020,3,2001,2012,True
HI,Hawaii/PR,2005,1242,45629.600000000006,False,1.8078602620087336,False,False,False,1992,2020,3,2001,2012,True
HI,Hawaii/PR,2006,789,13496.15,False,0.6352657004830918,False,False,False,1992,2020,3,2001,2012,True
HI,Hawaii/PR,2007,964,39675.15,False,1.2217997465145753,False,False,False,1992,2020,3,2001,2012,True
HI,Hawaii/PR,2008,769,6128.639999999999,False,0.7977178423236515,False,False,False,1992,2020,3,2001,2012,True
HI,Hawaii/PR,2009,817,11825.4,False,1.0624187256176854,False,False,False,1992,2020,3,2001,2012,True
HI,Hawaii/PR,2010,985,15213.82,False,1.2056303549571603,False,False,False,1992,2020,3,2001,2012,True
HI,Hawaii/PR,2011,602,4591.58,False,0.6111675126903553,False,False,False,1992,2020,3,2001,2012,True
HI,Hawaii/PR,2012,715,7987.71,False,1.1877076411960132,False,False,False,1992,2020,3,2001,2012,True
HI,Hawaii/PR,2013,60,761.4,False,0.08391608391608392,False,True,True,1992,2020,4,2001,2012,False
HI,Hawaii/PR,2014,2,0.2,False,0.03333333333333333,False,True,True,1992,2020,5,2001,2012,False
HI,Hawaii/PR,2015,4,4836.6,False,2.0,False,False,False,1992,2020,5,2001,2012,False
HI,Hawaii/PR,2016,16,15622.0,False,4.0,False,False,False,1992,2020,5,2001,2012,False
HI,Hawaii/PR,2017,22,5217.6,False,1.375,False,False,False,1992,2020,5,2001,2012,False
HI,Hawaii/PR,2018,14,26083.0,False,0.6363636363636364,False,False,False,1992,2020,5,2001,2012,False
HI,Hawaii/PR,2019,13,25406.2,False,0.9285714285714286,False,False,False,1992,2020,5,2001,2012,False
HI,Hawaii/PR,2020,8,5257.46,False,0.6153846153846154,False,False,False,1992,2020,5,2001,2012,False
IA,Other,1992,5,85.3,False,,False,False,False,1992,2020,1,1992,2001,True
IA,Other,1993,6,30.7,False,1.2,False,False,False,1992,2020,1,1992,2001,True
IA,Other,1994,5,105.4,False,0.8333333333333334,False,False,False,1992,2020,1,1992,2001,True
IA,Other,1995,6,57.4,False,1.2,False,False,False,1992,2020,1,1992,2001,True
IA,Other,1996,28,1026.4,False,4.666666666666667,False,False,False,1992,2020,1,1992,2001,True
IA,Other,1997,10,93.0,False,0.35714285714285715,False,False,False,1992,2020,1,1992,2001,True
IA,Other,1998,3,70.0,False,0.3,False,False,False,1992,2020,1,1992,2001,True
IA,Other,1999,20,435.6,False,6.666666666666667,False,False,False,1992,2020,1,1992,2001,True
IA,Other,2000,19,1734.7,False,0.95,False,False,False,1992,2020,1,1992,2001,True
IA,Other,2001,10,85.0,False,0.5263157894736842,False,False,False,1992,2020,1,1992,2001,True
IA,Other,2002,51,267.0,False,5.1,True,False,True,1992,2020,2,1992,2001,False
IA,Other,2003,50,3333.0,False,0.9803921568627451,False,False,False,1992,2020,2,1992,2001,False
IA,Other,2004,50,1110.5,False,1.0,False,False,False,1992,2020,2,1992,2001,False
IA,Other,2005,34,6502.1,False,0.68,False,False,False,1992,2020,2,1992,2001,False
IA,Other,2006,442,5371.03,False,13.0,True,False,True,1992,2020,3,1992,2001,False
IA,Other,2007,143,841.563,False,0.3235294117647059,False,True,True,1992,2020,4,1992,2001,False
IA,Other,2008,151,1688.46,False,1.055944055944056,False,False,False,1992,2020,4,1992,2001,False
IA,Other,2009,702,7948.952,False,4.6490066225165565,True,False,True,1992,2020,5,1992,2001,False
IA,Other,2010,199,2404.942,False,0.28347578347578345,False,True,True,1992,2020,6,1992,2001,False
IA,Other,2011,439,7461.4325,False,2.2060301507537687,False,False,False,1992,2020,6,1992,2001,False
IA,Other,2012,457,3984.011,False,1.041002277904328,False,False,False,1992,2020,6,1992,2001,False
IA,Other,2013,243,2417.32,False,0.5317286652078774,False,False,False,1992,2020,6,1992,2001,False
IA,Other,2014,543,10522.875,False,2.234567901234568,False,False,False,1992,2020,6,1992,2001,False
IA,Other,2015,517,13914.2781,False,0.9521178637200737,False,False,False,1992,2020,6,1992,2001,False
IA,Other,2016,167,1369.19,False,0.3230174081237911,False,True,True,1992,2020,7,1992,2001,False
IA,Other,2017,402,6873.84,False,2.407185628742515,False,False,False,1992,2020,7,1992,2001,False
IA,Other,2018,392,8068.1,False,0.9751243781094527,False,False,False,1992,2020,7,1992,2001,False
IA,Other,2019,166,1988.54,False,0.42346938775510207,False,False,False,1992,2020,7,1992,2001,False
IA,Other,2020,412,6362.25,False,2.4819277108433737,False,False,False,1992,2020,7,1992,2001,False
ID,West,1992,2195,684658.9,False,,False,False,False,1992,2020,1,1994,2020,False
ID,West,1993,698,7978.2,False,0.31799544419134396,False,True,True,1992,2020,2,1994,2020,False
ID,West,1994,3336,729029.6,False,4.7793696275071635,True,False,True,1992,2020,3,1994,2020,True
ID,West,1995,1432,268681.2,False,0.4292565947242206,False,False,False,1992,2020,3,1994,2020,True
ID,West,1996,1974,896659.9,False,1.3784916201117319,False,False,False,1992,2020,3,1994,2020,True
ID,West,1997,1130,42902.4,False,0.5724417426545086,False,False,False,1992,2020,3,1994,2020,True
ID,West,1998,1758,151299.3,False,1.5557522123893806,False,False,False,1992,2020,3,1994,2020,True
ID,West,1999,1915,416185.72000000003,False,1.089306029579067,False,False,False,1992,2020,3,1994,2020,True
ID,West,2000,1749,1350786.48,False,0.9133159268929504,False,False,False,1992,2020,3,1994,2020,True
ID,West,2001,1683,192801.62,False,0.9622641509433962,False,False,False,1992,2020,3,1994,2020,True
ID,West,2002,1511,86211.15,False,0.8978015448603683,False,False,False,1992,2020,3,1994,2020,True
ID,West,2003,1656,336103.11,False,1.0959629384513567,False,False,False,1992,2020,3,1994,2020,True
ID,West,2004,1138,19021.8,False,0.6871980676328503,False,False,False,1992,2020,3,1994,2020,True
ID,West,2005,1231,648908.221,False,1.0817223198594024,False,False,False,1992,2020,3,1994,2020,True
ID,West,2006,1888,910786.471,False,1.5337124289195776,False,False,False,1992,2020,3,1994,2020,True
ID,West,2007,1589,2184656.24,False,0.8416313559322034,False,False,False,1992,2020,3,1994,2020,True
ID,West,2008,986,175190.36,False,0.6205160478288232,False,False,False,1992,2020,3,1994,2020,True
ID,West,2009,1198,23907.91,False,1.2150101419878296,False,False,False,1992,2020,3,1994,2020,True
ID,West,2010,1150,643868.16,False,0.9599332220367279,False,False,False,1992,2020,3,1994,2020,True
ID,West,2011,1318,409349.05,False,1.146086956521739,False,False,False,1992,2020,3,1994,2020,True
ID,West,2012,1190,1776256.39,False,0.9028831562974203,False,False,False,1992,2020,3,1994,2020,True
ID,West,2013,1566,740325.5,False,1.3159663865546218,False,False,False,1992,2020,3,1994,2020,True
ID,West,2014,1215,198892.57,False,0.7758620689655172,False,False,False,1992,2020,3,1994,2020,True
ID,West,2015,1277,791026.11,False,1.051028806584362,False,False,False,1992,2020,3,1994,2020,True
ID,West,2016,698,369322.76999999996,False,0.5465935787000783,False,False,False,1992,2020,3,1994,2020,True
ID,West,2017,1579,701125.15,False,2.2621776504297992,False,False,False,1992,2020,3,1994,2020,True
ID,West,2018,1094,591385.86,False,0.6928435718809373,False,False,False,1992,2020,3,1994,2020,True
ID,West,2019,941,284557.33,False,0.8601462522851919,False,False,False,1992,2020,3,1994,2020,True
ID,West,2020,965,320356.91000000003,False,1.0255047821466525,False,False,False,1992,2020,3,1994,2020,True
IL,Other,1992,18,235.4,False,,False,False,False,1992,2020,1,1992,2010,True
IL,Other,1993,5,29.8,False,0.2777777777777778,False,False,False,1992,2020,1,1992,2010,True
IL,Other,1994,27,383.7,False,5.4,False,False,False,1992,2020,1,1992,2010,True
IL,Other,1995,47,993.2,False,1.7407407407407407,False,False,False,1992,2020,1,1992,2010,True
IL,Other,1996,21,149.8,False,0.44680851063829785,False,False,False,1992,2020,1,1992,2010,True
IL,Other,1997,10,13.700000000000001,False,0.47619047619047616,False,False,False,1992,2020,1,1992,2010,True
IL,Other,1998,22,165.3,False,2.2,False,False,False,1992,2020,1,1992,2010,True
IL,Other,1999,53,497.2,False,2.409090909090909,False,False,False,1992,2020,1,1992,2010,True
IL,Other,2000,29,597.2,False,0.5471698113207547,False,False,False,1992,2020,1,1992,2010,True
IL,Other,2001,45,531.1,False,1.5517241379310345,False,False,False,1992,2020,1,1992,2010,True
IL,Other,2002,43,100.8,False,0.9555555555555556,False,False,False,1992,2020,1,1992,2010,True
IL,Other,2003,48,1596.95,False,1.1162790697674418,False,False,False,1992,2020,1,1992,2010,True
IL,Other,2004,88,875.61,False,1.8333333333333333,False,False,False,1992,2020,1,1992,2010,True
IL,Other,2005,62,980.55,False,0.7045454545454546,False,False,False,1992,2020,1,1992,2010,True
IL,Other,2006,34,273.2,False,0.5483870967741935,False,False,False,1992,2020,1,1992,2010,True
IL,Other,2007,99,830.9,False,2.911764705882353,False,False,False,1992,2020,1,1992,2010,True
IL,Other,2008,197,939.89,False,1.9898989898989898,False,False,False,1992,2020,1,1992,2010,True
IL,Other,2009,347,3263.4,False,1.7614213197969544,False,False,False,1992,2020,1,1992,2010,True
IL,Other,2010,452,2608.55,False,1.302593659942363,False,False,False,1992,2020,1,1992,2010,True
IL,Other,2011,136,2223.5299999999997,False,0.3008849557522124,False,True,True,1992,2020,2,1992,2010,False
IL,Other,2012,167,1356.15,False,1.2279411764705883,False,False,False,1992,2020,2,1992,2010,False
IL,Other,2013,169,845.62,False,1.0119760479041917,False,False,False,1992,2020,2,1992,2010,False
IL,Other,2014,227,2422.065,False,1.3431952662721893,False,False,False,1992,2020,2,1992,2010,False
IL,Other,2015,93,1564.8,False,0.40969162995594716,False,False,False,1992,2020,2,1992,2010,False
IL,Other,2016,56,311.31,False,0.6021505376344086,False,False,False,1992,2020,2,1992,2010,False
IL,Other,2017,144,539.01,False,2.5714285714285716,False,False,False,1992,2020,2,1992,2010,False
IL,Other,2018,175,872.6800000000001,False,1.2152777777777777,False,False,False,1992,2020,2,1992,2010,False
IL,Other,2019,83,372.46,False,0.4742857142857143,False,False,False,1992,2020,2,1992,2010,False
IL,Other,2020,125,1134.471,False,1.5060240963855422,False,False,False,1992,2020,2,1992,2010,False
IN,Other,1992,95,247.3,False,,False,False,False,1992,2020,1,1992,2020,True
IN,Other,1993,56,464.3,False,0.5894736842105263,False,False,False,1992,2020,1,1992,2020,True
IN,Other,1994,85,577.9,False,1.5178571428571428,False,False,False,1992,2020,1,1992,2020,True
IN,Other,1995,101,881.4,False,1.188235294117647,False,False,False,1992,2020,1,1992,2020,True
IN,Other,1996,88,495.0,False,0.8712871287128713,False,False,False,1992,2020,1,1992,2020,True
IN,Other,1997,36,83.0,False,0.4090909090909091,False,False,False,1992,2020,1,1992,2020,True
IN,Other,1998,57,175.0,False,1.5833333333333333,False,False,False,1992,2020,1,1992,2020,True
IN,Other,1999,151,764.1999999999999,False,2.6491228070175437,False,False,False,1992,2020,1,1992,2020,True
IN,Other,2000,92,707.9,False,0.609271523178808,False,False,False,1992,2020,1,1992,2020,True
IN,Other,2001,140,1167.6,False,1.5217391304347827,False,False,False,1992,2020,1,1992,2020,True
IN,Other,2002,123,766.2,False,0.8785714285714286,False,False,False,1992,2020,1,1992,2020,True
IN,Other,2003,155,1424.0,False,1.2601626016260163,False,False,False,1992,2020,1,1992,2020,True
IN,Other,2004,193,785.71,False,1.2451612903225806,False,False,False,1992,2020,1,1992,2020,True
IN,Other,2005,173,575.5,False,0.8963730569948186,False,False,False,1992,2020,1,1992,2020,True
IN,Other,2006,86,987.35,False,0.49710982658959535,False,False,False,1992,2020,1,1992,2020,True
IN,Other,2007,127,2109.01,False,1.4767441860465116,False,False,False,1992,2020,1,1992,2020,True
IN,Other,2008,67,143.4,False,0.5275590551181102,False,False,False,1992,2020,1,1992,2020,True
IN,Other,2009,45,109.10000000000001,False,0.6716417910447762,False,False,False,1992,2020,1,1992,2020,True
IN,Other,2010,73,1570.1,False,1.6222222222222222,False,False,False,1992,2020,1,1992,2020,True
IN,Other,2011,26,699.5,False,0.3561643835616438,False,False,False,1992,2020,1,1992,2020,True
IN,Other,2012,57,1042.2,False,2.1923076923076925,False,False,False,1992,2020,1,1992,2020,True
IN,Other,2013,20,741.2,False,0.3508771929824561,False,False,False,1992,2020,1,1992,2020,True
IN,Other,2014,36,132.22,False,1.8,False,False,False,1992,2020,1,1992,2020,True
IN,Other,2015,16,673.8,False,0.4444444444444444,False,False,False,1992,2020,1,1992,2020,True
IN,Other,2016,40,651.8,False,2.5,False,False,False,1992,2020,1,1992,2020,True
IN,Other,2017,40,410.23,False,1.0,False,False,False,1992,2020,1,1992,2020,True
IN,Other,2018,28,231.85,False,0.7,False,False,False,1992,2020,1,1992,2020,True
IN,Other,2019,39,598.35,False,1.3928571428571428,False,False,False,1992,2020,1,1992,2020,True
IN,Other,2020,32,362.0,False,0.8205128205128205,False,False,False,1992,2020,1,1992,2020,True
KS,Other,1992,16,251.6,False,,False,False,False,1992,2020,1,1994,2012,False
KS,Other,1993,14,1809.3,False,0.875,False,False,False,1992,2020,1,1994,2012,False
KS,Other,1994,47,84460.1,False,3.357142857142857,True,False,True,1992,2020,2,1994,2012,True
KS,Other,1995,30,4537.9,False,0.6382978723404256,False,False,False,1992,2020,2,1994,2012,True
KS,Other,1996,30,147570.4,False,1.0,False,False,False,1992,2020,2,1994,2012,True
KS,Other,1997,22,11410.4,False,0.7333333333333333,False,False,False,1992,2020,2,1994,2012,True
KS,Other,1998,31,5207.1,False,1.4090909090909092,False,False,False,1992,2020,2,1994,2012,True
KS,Other,1999,36,6531.6,False,1.1612903225806452,False,False,False,1992,2020,2,1994,2012,True
KS,Other,2000,48,9219.8,False,1.3333333333333333,False,False,False,1992,2020,2,1994,2012,True
KS,Other,2001,69,2662.3,False,1.4375,False,False,False,1992,2020,2,1994,2012,True
KS,Other,2002,128,65544.0,False,1.855072463768116,False,False,False,1992,2020,2,1994,2012,True
KS,Other,2003,113,8034.2,False,0.8828125,False,False,False,1992,2020,2,1994,2012,True
KS,Other,2004,78,10179.7,False,0.6902654867256637,False,False,False,1992,2020,2,1994,2012,True
KS,Other,2005,175,22922.5,False,2.2435897435897436,False,False,False,1992,2020,2,1994,2012,True
KS,Other,2006,349,80670.4,False,1.9942857142857142,False,False,False,1992,2020,2,1994,2012,True
KS,Other,2007,196,16736.71,False,0.5616045845272206,False,False,False,1992,2020,2,1994,2012,True
KS,Other,2008,95,81748.2,False,0.4846938775510204,False,False,False,1992,2020,2,1994,2012,True
KS,Other,2009,71,38965.2,False,0.7473684210526316,False,False,False,1992,2020,2,1994,2012,True
KS,Other,2010,40,25108.809999999998,False,0.5633802816901409,False,False,False,1992,2020,2,1994,2012,True
KS,Other,2011,61,100670.11,False,1.525,False,False,False,1992,2020,2,1994,2012,True
KS,Other,2012,73,57330.13,False,1.1967213114754098,False,False,False,1992,2020,2,1994,2012,True
KS,Other,2013,14,6867.0,False,0.1917808219178082,False,True,True,1992,2020,3,1994,2012,False
KS,Other,2014,59,36525.8,False,4.214285714285714,True,False,True,1992,2020,4,1994,2012,False
KS,Other,2015,5885,124270.491,False,99.7457627118644,True,False,True,1992,2020,5,1994,2012,False
KS,Other,2016,1781,101787.26000000001,False,0.3026338147833475,False,True,True,1992,2020,6,1994,2012,False
KS,Other,2017,3979,193112.02,False,2.2341381246490735,False,False,False,1992,2020,6,1994,2012,False
KS,Other,2018,4033,81467.98,False,1.0135712490575521,False,False,False,1992,2020,6,1994,2012,False
KS,Other,2019,123,17570.96,False,0.030498388296553436,False,True,True,1992,2020,7,1994,2012,False
KS,Other,2020,980,53723.441,False,7.967479674796748,True,False,True,1992,2020,8,1994,2012,False
KY,South,1992,49,604.5,False,,False,False,False,1992,2020,1,1997,2020,False
KY,South,1993,81,843.1,False,1.653061224489796,False,False,False,1992,2020,1,1997,2020,False
KY,South,1994,178,4660.6,False,2.197530864197531,False,False,False,1992,2020,1,1997,2020,False
KY,South,1995,180,5863.6,False,1.0112359550561798,False,False,False,1992,2020,1,1997,2020,False
KY,South,1996,72,1117.8,False,0.4,False,False,False,1992,2020,1,1997,2020,False
KY,South,1997,675,11612.7,False,9.375,True,False,True,1992,2020,2,1997,2020,True
KY,South,1998,957,24966.3,False,1.4177777777777778,False,False,False,1992,2020,2,1997,2020,True
KY,South,1999,1879,125633.8,False,1.9634273772204807,False,False,False,1992,2020,2,1997,2020,True
KY,South,2000,1587,136220.6,False,0.844598190526876,False,False,False,1992,2020,2,1997,2020,True
KY,South,2001,2061,175179.4,False,1.2986767485822306,False,False,False,1992,2020,2,1997,2020,True
KY,South,2002,1049,25847.4,False,0.5089762251334303,False,False,False,1992,2020,2,1997,2020,True
KY,South,2003,956,19848.8,False,0.9113441372735939,False,False,False,1992,2020,2,1997,2020,True
KY,South,2004,1238,22712.55,False,1.294979079497908,False,False,False,1992,2020,2,1997,2020,True
KY,South,2005,1767,57942.935,False,1.427302100161551,False,False,False,1992,2020,2,1997,2020,True
KY,South,2006,1884,53632.32,False,1.066213921901528,False,False,False,1992,2020,2,1997,2020,True
KY,South,2007,2081,65614.22,False,1.104564755838641,False,False,False,1992,2020,2,1997,2020,True
KY,South,2008,1563,38915.15,False,0.751081210956271,False,False,False,1992,2020,2,1997,2020,True
KY,South,2009,1419,43494.91,False,0.9078694817658349,False,False,False,1992,2020,2,1997,2020,True
KY,South,2010,1913,60209.45,False,1.3481324876673715,False,False,False,1992,2020,2,1997,2020,True
KY,South,2011,1032,23874.23,False,0.5394668060637742,False,False,False,1992,2020,2,1997,2020,True
KY,South,2012,1263,32630.53,False,1.2238372093023255,False,False,False,1992,2020,2,1997,2020,True
KY,South,2013,1004,24048.02,False,0.7949326999208234,False,False,False,1992,2020,2,1997,2020,True
KY,South,2014,1447,43086.849996,False,1.4412350597609562,False,False,False,1992,2020,2,1997,2020,True
KY,South,2015,756,19680.02,False,0.5224602626123013,False,False,False,1992,2020,2,1997,2020,True
KY,South,2016,1260,79367.09,False,1.6666666666666667,False,False,False,1992,2020,2,1997,2020,True
KY,South,2017,882,27599.64,False,0.7,False,False,False,1992,2020,2,1997,2020,True
KY,South,2018,377,8342.1,False,0.427437641723356,False,False,False,1992,2020,2,1997,2020,True
KY,South,2019,751,11251.68,False,1.9920424403183024,False,False,False,1992,2020,2,1997,2020,True
KY,South,2020,513,9167.69,False,0.6830892143808256,False,False,False,1992,2020,2,1997,2020,True
LA,South,1992,87,25129.1,False,,False,False,False,1992,2020,1,2012,2020,False
LA,South,1993,127,8066.8,False,1.4597701149425288,False,False,False,1992,2020,1,2012,2020,False
LA,South,1994,111,2520.6,False,0.8740157480314961,False,False,False,1992,2020,1,2012,2020,False
LA,South,1995,139,7277.9,False,1.2522522522522523,False,False,False,1992,2020,1,2012,2020,False
LA,South,1996,157,8254.1,False,1.129496402877698,False,False,False,1992,2020,1,2012,2020,False
LA,South,1997,1361,21649.0,False,8.668789808917197,True,False,True,1992,2020,2,2012,2020,False
LA,South,1998,2283,34126.2,False,1.677443056576047,False,False,False,1992,2020,2,2012,2020,False
LA,South,1999,2788,37623.0,False,1.2212001752080597,False,False,False,1992,2020,2,2012,2020,False
LA,South,2000,4234,91109.5,False,1.518651362984218,False,False,False,1992,2020,2,2012,2020,False
LA,South,2001,976,26577.1,False,0.2305148795465281,False,True,True,1992,2020,3,2012,2020,False
LA,South,2002,1481,24685.3,False,1.5174180327868851,False,False,False,1992,2020,3,2012,2020,False
LA,South,2003,94,17359.8,False,0.06347062795408508,False,True,True,1992,2020,4,2012,2020,False
LA,South,2004,78,15114.5,False,0.8297872340425532,False,False,False,1992,2020,4,2012,2020,False
LA,South,2005,3384,66385.102,False,43.38461538461539,True,False,True,1992,2020,5,2012,2020,False
LA,South,2006,3131,41984.0,False,0.9252364066193853,False,False,False,1992,2020,5,2012,2020,False
LA,South,2007,63,772.0,False,0.02012136697540722,False,True,True,1992,2020,6,2012,2020,False
LA,South,2008,1438,24321.52732,False,22.825396825396826,True,False,True,1992,2020,7,2012,2020,False
LA,South,2009,1542,35312.325157,False,1.0723226703755215,False,False,False,1992,2020,7,2012,2020,False
LA,South,2010,2416,43720.1999,False,1.5667963683527886,False,False,False,1992,2020,7,2012,2020,False
LA,South,2011,217,37838.91,False,0.08981788079470199,False,True,True,1992,2020,8,2012,2020,False
LA,South,2012,877,10519.22,False,4.04147465437788,True,False,True,1992,2020,9,2012,2020,True
LA,South,2013,1075,22754.5302,False,1.225769669327252,False,False,False,1992,2020,9,2012,2020,True
LA,South,2014,876,37582.744699999996,False,0.8148837209302325,False,False,False,1992,2020,9,2012,2020,True
LA,South,2015,1075,20327.6537,False,1.2271689497716896,False,False,False,1992,2020,9,2012,2020,True
LA,South,2016,765,26768.665,False,0.7116279069767442,False,False,False,1992,2020,9,2012,2020,True
LA,South,2017,754,8946.437,False,0.9856209150326798,False,False,False,1992,2020,9,2012,2020,True
LA,South,2018,714,11340.596,False,0.946949602122016,False,False,False,1992,2020,9,2012,2020,True
LA,South,2019,505,11477.002,False,0.7072829131652661,False,False,False,1992,2020,9,2012,2020,True
LA,South,2020,381,8243.57,False,0.7544554455445545,False,False,False,1992,2020,9,2012,2020,True
MA,Northeast,1992,7,5.4,False,,False,False,False,1992,2020,1,1992,2001,True
MA,Northeast,1993,4,1.5,False,0.5714285714285714,False,False,False,1992,2020,1,1992,2001,True
MA,Northeast,1994,1,0.1,False,0.25,False,False,False,1992,2020,1,1992,2001,True
MA,Northeast,1995,15,8.7,False,15.0,False,False,False,1992,2020,1,1992,2001,True
MA,Northeast,1996,4,2.2,False,0.26666666666666666,False,False,False,1992,2020,1,1992,2001,True
MA,Northeast,1997,11,5.4,False,2.75,False,False,False,1992,2020,1,1992,2001,True
MA,Northeast,1998,1,3.0,False,0.09090909090909091,False,False,False,1992,2020,1,1992,2001,True
MA,Northeast,1999,7,1.5,False,7.0,False,False,False,1992,2020,1,1992,2001,True
MA,Northeast,2000,3,5.8,False,0.42857142857142855,False,False,False,1992,2020,1,1992,2001,True
MA,Northeast,2001,17,269.3,False,5.666666666666667,False,False,False,1992,2020,1,1992,2001,True
MA,Northeast,2002,115,512.1,False,6.764705882352941,True,False,True,1992,2020,2,1992,2001,False
MA,Northeast,2003,75,393.0,False,0.6521739130434783,False,False,False,1992,2020,2,1992,2001,False
MA,Northeast,2004,69,197.8,False,0.92,False,False,False,1992,2020,2,1992,2001,False
MA,Northeast,2005,30,830.7,False,0.43478260869565216,False,False,False,1992,2020,2,1992,2001,False
MA,Northeast,2006,31,23.2,False,1.0333333333333334,False,False,False,1992,2020,2,1992,2001,False
MA,Northeast,2007,34,205.4,False,1.096774193548387,False,False,False,1992,2020,2,1992,2001,False
MA,Northeast,2008,12,848.5,False,0.35294117647058826,False,False,False,1992,2020,2,1992,2001,False
MA,Northeast,2009,1,1.0,False,0.08333333333333333,False,False,False,1992,2020,2,1992,2001,False
MA,Northeast,2010,3,322.2,False,3.0,False,False,False,1992,2020,2,1992,2001,False
MA,Northeast,2011,0,0.0,True,,False,False,False,1992,2020,-1,1992,2001,False
MA,Northeast,2012,5,2.9,False,1.6666666666666667,False,False,False,1992,2020,4,1992,2001,False
MA,Northeast,2013,5,17.6,False,1.0,False,False,False,1992,2020,4,1992,2001,False
MA,Northeast,2014,6,373.2,False,1.2,False,False,False,1992,2020,4,1992,2001,False
MA,Northeast,2015,2170,2094.23,False,361.6666666666667,True,False,True,1992,2020,5,1992,2001,False
MA,Northeast,2016,2108,1624.229,False,0.9714285714285714,False,False,False,1992,2020,5,1992,2001,False
MA,Northeast,2017,1158,688.52,False,0.5493358633776091,False,False,False,1992,2020,5,1992,2001,False
MA,Northeast,2018,886,441.07,False,0.7651122625215889,False,False,False,1992,2020,5,1992,2001,False
MA,Northeast,2019,272,241.53,False,0.30699774266365687,False,True,True,1992,2020,6,1992,2001,False
MA,Northeast,2020,1321,887.593,False,4.856617647058823,True,False,True,1992,2020,7,1992,2001,False
MD,Other,1992,12,1160.3,False,,False,False,False,1992,2020,1,2005,2020,False
MD,Other,1993,11,1672.9,False,0.9166666666666666,False,False,False,1992,2020,1,2005,2020,False
MD,Other,1994,16,786.9,False,1.4545454545454546,False,False,False,1992,2020,1,2005,2020,False
MD,Other,1995,32,1304.4,False,2.0,False,False,False,1992,2020,1,2005,2020,False
MD,Other,1996,17,312.1,False,0.53125,False,False,False,1992,2020,1,2005,2020,False
MD,Other,1997,19,181.70000000000002,False,1.1176470588235294,False,False,False,1992,2020,1,2005,2020,False
MD,Other,1998,17,544.0,False,0.8947368421052632,False,False,False,1992,2020,1,2005,2020,False
MD,Other,1999,34,1625.7,False,2.0,False,False,False,1992,2020,1,2005,2020,False
MD,Other,2000,14,209.7,False,0.4117647058823529,False,False,False,1992,2020,1,2005,2020,False
MD,Other,2001,22,6849.1,False,1.5714285714285714,False,False,False,1992,2020,1,2005,2020,False
MD,Other,2002,14,1786.1,False,0.6363636363636364,False,False,False,1992,2020,1,2005,2020,False
MD,Other,2003,5,1373.1,False,0.35714285714285715,False,False,False,1992,2020,1,2005,2020,False
MD,Other,2004,21,6338.5,False,4.2,False,False,False,1992,2020,1,2005,2020,False
MD,Other,2005,417,4033.9,False,19.857142857142858,True,False,True,1992,2020,2,2005,2020,True
MD,Other,2006,718,6832.5,False,1.7218225419664268,False,False,False,1992,2020,2,2005,2020,True
MD,Other,2007,598,7314.8,False,0.8328690807799443,False,False,False,1992,2020,2,2005,2020,True
MD,Other,2008,530,2794.1,False,0.8862876254180602,False,False,False,1992,2020,2,2005,2020,True
MD,Other,2009,261,4606.9,False,0.49245283018867925,False,False,False,1992,2020,2,2005,2020,True
MD,Other,2010,168,3580.6000000000004,False,0.6436781609195402,False,False,False,1992,2020,2,2005,2020,True
MD,Other,2011,133,10247.38,False,0.7916666666666666,False,False,False,1992,2020,2,2005,2020,True
MD,Other,2012,163,1439.9,False,1.2255639097744362,False,False,False,1992,2020,2,2005,2020,True
MD,Other,2013,126,426.85,False,0.7730061349693251,False,False,False,1992,2020,2,2005,2020,True
MD,Other,2014,123,1781.1,False,0.9761904761904762,False,False,False,1992,2020,2,2005,2020,True
MD,Other,2015,150,1044.0,False,1.2195121951219512,False,False,False,1992,2020,2,2005,2020,True
MD,Other,2016,132,244.3,False,0.88,False,False,False,1992,2020,2,2005,2020,True
MD,Other,2017,114,2185.5,False,0.8636363636363636,False,False,False,1992,2020,2,2005,2020,True
MD,Other,2018,80,370.75,False,0.7017543859649122,False,False,False,1992,2020,2,2005,2020,True
MD,Other,2019,137,1478.6,False,1.7125,False,False,False,1992,2020,2,2005,2020,True
MD,Other,2020,73,1217.6,False,0.5328467153284672,False,False,False,1992,2020,2,2005,2020,True
ME,Northeast,1992,611,4399.3,False,,False,False,False,1992,2020,1,1996,2019,False
ME,Northeast,1993,672,1413.15,False,1.099836333878887,False,False,False,1992,2020,1,1996,2019,False
ME,Northeast,1994,541,2012.69,False,0.8050595238095238,False,False,False,1992,2020,1,1996,2019,False
ME,Northeast,1995,963,1137.08,False,1.78003696857671,False,False,False,1992,2020,1,1996,2019,False
ME,Northeast,1996,315,403.35,False,0.32710280373831774,False,True,True,1992,2020,2,1996,2019,True
ME,Northeast,1997,585,896.77,False,1.8571428571428572,False,False,False,1992,2020,2,1996,2019,True
ME,Northeast,1998,580,1547.8200000000002,False,0.9914529914529915,False,False,False,1992,2020,2,1996,2019,True
ME,Northeast,1999,681,1061.27,False,1.1741379310344828,False,False,False,1992,2020,2,1996,2019,True
ME,Northeast,2000,346,445.98,False,0.5080763582966226,False,False,False,1992,2020,2,1996,2019,True
ME,Northeast,2001,963,2243.54,False,2.7832369942196533,False,False,False,1992,2020,2,1996,2019,True
ME,Northeast,2002,664,784.0500000000001,False,0.6895119418483905,False,False,False,1992,2020,2,1996,2019,True
ME,Northeast,2003,624,858.4,False,0.9397590361445783,False,False,False,1992,2020,2,1996,2019,True
ME,Northeast,2004,467,803.71,False,0.7483974358974359,False,False,False,1992,2020,2,1996,2019,True
ME,Northeast,2005,472,724.74,False,1.0107066381156318,False,False,False,1992,2020,2,1996,2019,True
ME,Northeast,2006,623,1841.35,False,1.319915254237288,False,False,False,1992,2020,2,1996,2019,True
ME,Northeast,2007,481,496.72999999999996,False,0.7720706260032103,False,False,False,1992,2020,2,1996,2019,True
ME,Northeast,2008,466,549.63,False,0.9688149688149689,False,False,False,1992,2020,2,1996,2019,True
ME,Northeast,2009,483,474.78000000000003,False,1.036480686695279,False,False,False,1992,2020,2,1996,2019,True
ME,Northeast,2010,505,296.79,False,1.0455486542443064,False,False,False,1992,2020,2,1996,2019,True
ME,Northeast,2011,365,167.69,False,0.7227722772277227,False,False,False,1992,2020,2,1996,2019,True
ME,Northeast,2012,560,469.85,False,1.5342465753424657,False,False,False,1992,2020,2,1996,2019,True
ME,Northeast,2013,444,717.22,False,0.7928571428571428,False,False,False,1992,2020,2,1996,2019,True
ME,Northeast,2014,333,218.97,False,0.75,False,False,False,1992,2020,2,1996,2019,True
ME,Northeast,2015,406,590.78,False,1.2192192192192193,False,False,False,1992,2020,2,1996,2019,True
ME,Northeast,2016,695,835.72,False,1.7118226600985222,False,False,False,1992,2020,2,1996,2019,True
ME,Northeast,2017,521,467.4,False,0.7496402877697842,False,False,False,1992,2020,2,1996,2019,True
ME,Northeast,2018,558,693.0,False,1.0710172744721689,False,False,False,1992,2020,2,1996,2019,True
ME,Northeast,2019,355,156.9,False,0.6362007168458781,False,False,False,1992,2020,2,1996,2019,True
ME,Northeast,2020,1160,1045.02,False,3.267605633802817,True,False,True,1992,2020,3,1996,2019,False
MI,Other,1992,614,2987.4,False,,False,False,False,1992,2020,1,2001,2017,False
MI,Other,1993,262,1008.0,False,0.42671009771986973,False,False,False,1992,2020,1,2001,2017,False
MI,Other,1994,644,6704.2,False,2.4580152671755724,False,False,False,1992,2020,1,2001,2017,False
MI,Other,1995,627,4872.3,False,0.9736024844720497,False,False,False,1992,2020,1,2001,2017,False
MI,Other,1996,386,2921.7,False,0.6156299840510366,False,False,False,1992,2020,1,2001,2017,False
MI,Other,1997,118,552.1,False,0.30569948186528495,False,True,True,1992,2020,2,2001,2017,False
MI,Other,1998,170,3959.0,False,1.4406779661016949,False,False,False,1992,2020,2,2001,2017,False
MI,Other,1999,150,10031.1,False,0.8823529411764706,False,False,False,1992,2020,2,2001,2017,False
MI,Other,2000,115,6010.9,False,0.7666666666666667,False,False,False,1992,2020,2,2001,2017,False
MI,Other,2001,423,1430.249,False,3.6782608695652175,True,False,True,1992,2020,3,2001,2017,True
MI,Other,2002,308,967.4,False,0.7281323877068558,False,False,False,1992,2020,3,2001,2017,True
MI,Other,2003,750,7065.059,False,2.435064935064935,False,False,False,1992,2020,3,2001,2017,True
MI,Other,2004,467,2745.13,False,0.6226666666666667,False,False,False,1992,2020,3,2001,2017,True
MI,Other,2005,640,4516.812,False,1.3704496788008564,False,False,False,1992,2020,3,2001,2017,True
MI,Other,2006,534,7831.17,False,0.834375,False,False,False,1992,2020,3,2001,2017,True
MI,Other,2007,516,23095.203999999998,False,0.9662921348314607,False,False,False,1992,2020,3,2001,2017,True
MI,Other,2008,444,2612.92,False,0.8604651162790697,False,False,False,1992,2020,3,2001,2017,True
MI,Other,2009,486,3209.4300000000003,False,1.0945945945945945,False,False,False,1992,2020,3,2001,2017,True
MI,Other,2010,584,12051.41,False,1.2016460905349795,False,False,False,1992,2020,3,2001,2017,True
MI,Other,2011,309,1832.48,False,0.5291095890410958,False,False,False,1992,2020,3,2001,2017,True
MI,Other,2012,711,28326.69,False,2.3009708737864076,False,False,False,1992,2020,3,2001,2017,True
MI,Other,2013,455,977.22,False,0.639943741209564,False,False,False,1992,2020,3,2001,2017,True
MI,Other,2014,264,672.07,False,0.5802197802197803,False,False,False,1992,2020,3,2001,2017,True
MI,Other,2015,523,3815.4900000000002,False,1.981060606060606,False,False,False,1992,2020,3,2001,2017,True
MI,Other,2016,387,3695.9800000000005,False,0.739961759082218,False,False,False,1992,2020,3,2001,2017,True
MI,Other,2017,265,728.76,False,0.6847545219638242,False,False,False,1992,2020,3,2001,2017,True
MI,Other,2018,3014,7458.6,False,11.373584905660378,True,False,True,1992,2020,4,2001,2017,False
MI,Other,2019,3358,5387.49,False,1.1141340411413405,False,False,False,1992,2020,4,2001,2017,False
MI,Other,2020,1603,2685.505,False,0.47736748064324,False,False,False,1992,2020,4,2001,2017,False
MN,Other,1992,1620,30182.13,False,,False,False,False,1992,2020,1,1992,2020,True
MN,Other,1993,1363,19087.71,False,0.841358024691358,False,False,False,1992,2020,1,1992,2020,True
MN,Other,1994,1904,37150.32,False,1.396918561995598,False,False,False,1992,2020,1,1992,2020,True
MN,Other,1995,1731,46067.31,False,0.9091386554621849,False,False,False,1992,2020,1,1992,2020,True
MN,Other,1996,1752,29633.94,False,1.0121317157712304,False,False,False,1992,2020,1,1992,2020,True
MN,Other,1997,2528,20708.74,False,1.4429223744292237,False,False,False,1992,2020,1,1992,2020,True
MN,Other,1998,2474,49139.65001,False,0.9786392405063291,False,False,False,1992,2020,1,1992,2020,True
MN,Other,1999,2113,32858.86,False,0.8540824575586096,False,False,False,1992,2020,1,1992,2020,True
MN,Other,2000,2631,69170.17,False,1.245149077141505,False,False,False,1992,2020,1,1992,2020,True
MN,Other,2001,1327,23136.32,False,0.5043709616115546,False,False,False,1992,2020,1,1992,2020,True
MN,Other,2002,2039,64357.79,False,1.53654860587792,False,False,False,1992,2020,1,1992,2020,True
MN,Other,2003,3297,156764.72,False,1.616969102501226,False,False,False,1992,2020,1,1992,2020,True
MN,Other,2004,1989,45646.95,False,0.6032757051865332,False,False,False,1992,2020,1,1992,2020,True
MN,Other,2005,1728,22455.77,False,0.8687782805429864,False,False,False,1992,2020,1,1992,2020,True
MN,Other,2006,2508,76055.91,False,1.4513888888888888,False,False,False,1992,2020,1,1992,2020,True
MN,Other,2007,1787,164404.56,False,0.7125199362041468,False,False,False,1992,2020,1,1992,2020,True
MN,Other,2008,1165,21197.02,False,0.6519306099608282,False,False,False,1992,2020,1,1992,2020,True
MN,Other,2009,1233,11715.91,False,1.0583690987124463,False,False,False,1992,2020,1,1992,2020,True
MN,Other,2010,2074,35680.04,False,1.6820762368207625,False,False,False,1992,2020,1,1992,2020,True
MN,Other,2011,1236,140188.68,False,0.5959498553519769,False,False,False,1992,2020,1,1992,2020,True
MN,Other,2012,2294,64587.04,False,1.8559870550161812,False,False,False,1992,2020,1,1992,2020,True
MN,Other,2013,1132,21936.47,False,0.4934612031386225,False,False,False,1992,2020,1,1992,2020,True
MN,Other,2014,1006,3984.64,False,0.8886925795053003,False,False,False,1992,2020,1,1992,2020,True
MN,Other,2015,1838,28952.47,False,1.8270377733598409,False,False,False,1992,2020,1,1992,2020,True
MN,Other,2016,1438,12579.77,False,0.7823721436343852,False,False,False,1992,2020,1,1992,2020,True
MN,Other,2017,1106,6458.97,False,0.7691237830319889,False,False,False,1992,2020,1,1992,2020,True
MN,Other,2018,1366,17310.71,False,1.2350813743218807,False,False,False,1992,2020,1,1992,2020,True
MN,Other,2019,992,5498.08,False,0.726207906295754,False,False,False,1992,2020,1,1992,2020,True
MN,Other,2020,1403,8940.81,False,1.4143145161290323,False,False,False,1992,2020,1,1992,2020,True
MO,Other,1992,1680,28716.0,False,,False,False,False,1992,2020,1,1996,2007,False
MO,Other,1993,906,14993.3,False,0.5392857142857143,False,False,False,1992,2020,1,1996,2007,False
MO,Other,1994,1607,36249.4,False,1.7737306843267109,False,False,False,1992,2020,1,1996,2007,False
MO,Other,1995,2060,50196.4,False,1.2818917237087741,False,False,False,1992,2020,1,1996,2007,False
MO,Other,1996,443,8538.3,False,0.2150485436893204,False,True,True,1992,2020,2,1996,2007,True
MO,Other,1997,1314,23939.7,False,2.966139954853273,False,False,False,1992,2020,2,1996,2007,True
MO,Other,1998,521,10981.8,False,0.3964992389649924,False,False,False,1992,2020,2,1996,2007,True
MO,Other,1999,1204,35498.9,False,2.3109404990403073,False,False,False,1992,2020,2,1996,2007,True
MO,Other,2000,672,17134.3,False,0.5581395348837209,False,False,False,1992,2020,2,1996,2007,True
MO,Other,2001,882,17070.6,False,1.3125,False,False,False,1992,2020,2,1996,2007,True
MO,Other,2002,670,20534.7,False,0.7596371882086168,False,False,False,1992,2020,2,1996,2007,True
MO,Other,2003,340,3276.02,False,0.5074626865671642,False,False,False,1992,2020,2,1996,2007,True
MO,Other,2004,307,8217.49,False,0.9029411764705882,False,False,False,1992,2020,2,1996,2007,True
MO,Other,2005,413,18188.81,False,1.3452768729641693,False,False,False,1992,2020,2,1996,2007,True
MO,Other,2006,441,24197.16,False,1.0677966101694916,False,False,False,1992,2020,2,1996,2007,True
MO,Other,2007,523,14246.45,False,1.1859410430839001,False,False,False,1992,2020,2,1996,2007,True
MO,Other,2008,136,5933.76,False,0.26003824091778205,False,True,True,1992,2020,3,1996,2007,False
MO,Other,2009,239,17994.88,False,1.7573529411764706,False,False,False,1992,2020,3,1996,2007,False
MO,Other,2010,196,14471.5,False,0.8200836820083682,False,False,False,1992,2020,3,1996,2007,False
MO,Other,2011,740,31844.55,False,3.7755102040816326,True,False,True,1992,2020,4,1996,2007,False
MO,Other,2012,221,18722.5,False,0.29864864864864865,False,True,True,1992,2020,5,1996,2007,False
MO,Other,2013,413,3885.18,False,1.8687782805429864,False,False,False,1992,2020,5,1996,2007,False
MO,Other,2014,1251,22455.8,False,3.029055690072639,True,False,True,1992,2020,6,1996,2007,False
MO,Other,2015,769,12023.741,False,0.6147082334132694,False,False,False,1992,2020,6,1996,2007,False
MO,Other,2016,893,14994.689,False,1.1612483745123536,False,False,False,1992,2020,6,1996,2007,False
MO,Other,2017,1201,18906.4805,False,1.3449048152295633,False,False,False,1992,2020,6,1996,2007,False
MO,Other,2018,1956,26284.445,False,1.6286427976686095,False,False,False,1992,2020,6,1996,2007,False
MO,Other,2019,1133,14364.29,False,0.5792433537832311,False,False,False,1992,2020,6,1996,2007,False
MO,Other,2020,1379,16374.503,False,1.2171226831421007,False,False,False,1992,2020,6,1996,2007,False
MS,South,1992,4478,60830.1,False,,False,False,False,1992,2020,1,1992,2020,True
MS,South,1993,4015,54108.3,False,0.8966056275122822,False,False,False,1992,2020,1,1992,2020,True
MS,South,1994,3355,54453.5,False,0.8356164383561644,False,False,False,1992,2020,1,1992,2020,True
MS,South,1995,4992,68013.8,False,1.4879284649776454,False,False,False,1992,2020,1,1992,2020,True
MS,South,1996,4923,101707.7,False,0.9861778846153846,False,False,False,1992,2020,1,1992,2020,True
MS,South,1997,2782,32353.6,False,0.5651025797278082,False,False,False,1992,2020,1,1992,2020,True
MS,South,1998,3421,39648.8,False,1.2296908698777858,False,False,False,1992,2020,1,1992,2020,True
MS,South,1999,5436,66126.9,False,1.589009061677872,False,False,False,1992,2020,1,1992,2020,True
MS,South,2000,7984,53459.2,False,1.4687270051508463,False,False,False,1992,2020,1,1992,2020,True
MS,South,2001,2888,32258.9,False,0.36172344689378755,False,False,False,1992,2020,1,1992,2020,True
MS,South,2002,2832,34410.3,False,0.9806094182825484,False,False,False,1992,2020,1,1992,2020,True
MS,South,2003,1913,24744.25,False,0.6754943502824858,False,False,False,1992,2020,1,1992,2020,True
MS,South,2004,2812,41803.42,False,1.4699424986931522,False,False,False,1992,2020,1,1992,2020,True
MS,South,2005,3520,55601.2,False,1.2517780938833571,False,False,False,1992,2020,1,1992,2020,True
MS,South,2006,5533,131124.75,False,1.571875,False,False,False,1992,2020,1,1992,2020,True
MS,South,2007,2767,52528.63,False,0.5000903668895716,False,False,False,1992,2020,1,1992,2020,True
MS,South,2008,2012,36173.34,False,0.7271413082761113,False,False,False,1992,2020,1,1992,2020,True
MS,South,2009,1965,26854.35,False,0.9766401590457257,False,False,False,1992,2020,1,1992,2020,True
MS,South,2010,2919,36217.72,False,1.4854961832061069,False,False,False,1992,2020,1,1992,2020,True
MS,South,2011,1614,29025.64,False,0.5529290853031861,False,False,False,1992,2020,1,1992,2020,True
MS,South,2012,1218,12723.3,False,0.7546468401486989,False,False,False,1992,2020,1,1992,2020,True
MS,South,2013,1488,22015.9,False,1.2216748768472907,False,False,False,1992,2020,1,1992,2020,True
MS,South,2014,2224,33235.6,False,1.4946236559139785,False,False,False,1992,2020,1,1992,2020,True
MS,South,2015,2125,36367.6,False,0.9554856115107914,False,False,False,1992,2020,1,1992,2020,True
MS,South,2016,1934,34396.7,False,0.9101176470588235,False,False,False,1992,2020,1,1992,2020,True
MS,South,2017,1266,30014.15,False,0.6546018614270941,False,False,False,1992,2020,1,1992,2020,True
MS,South,2018,690,17082.67,False,0.5450236966824644,False,False,False,1992,2020,1,1992,2020,True
MS,South,2019,882,18075.99,False,1.2782608695652173,False,False,False,1992,2020,1,1992,2020,True
MS,South,2020,718,30527.043,False,0.8140589569160998,False,False,False,1992,2020,1,1992,2020,True
MT,West,1992,1640,38561.71,False,,False,False,False,1992,2020,1,1994,2020,False
MT,West,1993,743,12598.41,False,0.4530487804878049,False,False,False,1992,2020,1,1994,2020,False
MT,West,1994,2979,265609.83,False,4.009421265141319,True,False,True,1992,2020,2,1994,2020,True
MT,West,1995,1052,25183.95,False,0.3531386371265525,False,False,False,1992,2020,2,1994,2020,True
MT,West,1996,1990,208840.13,False,1.891634980988593,False,False,False,1992,2020,2,1994,2020,True
MT,West,1997,993,11343.13,False,0.49899497487437183,False,False,False,1992,2020,2,1994,2020,True
MT,West,1998,1908,101357.17,False,1.9214501510574018,False,False,False,1992,2020,2,1994,2020,True
MT,West,1999,2089,118959.14,False,1.0948637316561844,False,False,False,1992,2020,2,1994,2020,True
MT,West,2000,2427,822830.3099999999,False,1.1617999042604117,False,False,False,1992,2020,2,1994,2020,True
MT,West,2001,1602,162549.09,False,0.6600741656365884,False,False,False,1992,2020,2,1994,2020,True
MT,West,2002,1597,126100.33,False,0.9968789013732834,False,False,False,1992,2020,2,1994,2020,True
MT,West,2003,2472,750196.31018,False,1.5479023168440826,False,False,False,1992,2020,2,1994,2020,True
MT,West,2004,1503,22868.07,False,0.6080097087378641,False,False,False,1992,2020,2,1994,2020,True
MT,West,2005,1497,114587.86,False,0.9960079840319361,False,False,False,1992,2020,2,1994,2020,True
MT,West,2006,2460,866652.06,False,1.6432865731462927,False,False,False,1992,2020,2,1994,2020,True
MT,West,2007,1997,744542.86,False,0.8117886178861788,False,False,False,1992,2020,2,1994,2020,True
MT,West,2008,1532,169869.3,False,0.7671507260891337,False,False,False,1992,2020,2,1994,2020,True
MT,West,2009,1662,53706.39,False,1.0848563968668408,False,False,False,1992,2020,2,1994,2020,True
MT,West,2010,1140,57476.1,False,0.6859205776173285,False,False,False,1992,2020,2,1994,2020,True
MT,West,2011,1190,139286.18,False,1.043859649122807,False,False,False,1992,2020,2,1994,2020,True
MT,West,2012,1854,1007209.58,False,1.557983193277311,False,False,False,1992,2020,2,1994,2020,True
MT,West,2013,1359,77404.18000000001,False,0.7330097087378641,False,False,False,1992,2020,2,1994,2020,True
MT,West,2014,1203,34919.92,False,0.8852097130242825,False,False,False,1992,2020,2,1994,2020,True
MT,West,2015,1866,350033.86,False,1.5511221945137157,False,False,False,1992,2020,2,1994,2020,True
MT,West,2016,2118,105459.55,False,1.135048231511254,False,False,False,1992,2020,2,1994,2020,True
MT,West,2017,2602,1281907.31,False,1.2285174693106704,False,False,False,1992,2020,2,1994,2020,True
MT,West,2018,1787,105640.26,False,0.6867794004611837,False,False,False,1992,2020,2,1994,2020,True
MT,West,2019,2013,66651.49,False,1.1264689423614997,False,False,False,1992,2020,2,1994,2020,True
MT,West,2020,2685,358206.7649,False,1.3338301043219076,False,False,False,1992,2020,2,1994,2020,True
NC,South,1992,5696,27489.1,False,,False,False,False,1992,2020,1,1992,2020,True
NC,South,1993,4808,26461.2,False,0.8441011235955056,False,False,False,1992,2020,1,1992,2020,True
NC,South,1994,5739,44936.2,False,1.1936356073211314,False,False,False,1992,2020,1,1992,2020,True
NC,South,1995,5253,23404.3,False,0.9153162571876634,False,False,False,1992,2020,1,1992,2020,True
NC,South,1996,4238,17358.0,False,0.8067770797639444,False,False,False,1992,2020,1,1992,2020,True
NC,South,1997,4512,17412.0,False,1.0646531382727702,False,False,False,1992,2020,1,1992,2020,True
NC,South,1998,4324,16913.4,False,0.9583333333333334,False,False,False,1992,2020,1,1992,2020,True
NC,South,1999,4041,25060.6,False,0.9345513413506013,False,False,False,1992,2020,1,1992,2020,True
NC,South,2000,4986,38848.0,False,1.2338530066815145,False,False,False,1992,2020,1,1992,2020,True
NC,South,2001,8143,44664.4,False,1.6331728840754112,False,False,False,1992,2020,1,1992,2020,True
NC,South,2002,5590,29622.0,False,0.6864791845757092,False,False,False,1992,2020,1,1992,2020,True
NC,South,2003,2041,8103.1,False,0.36511627906976746,False,False,False,1992,2020,1,1992,2020,True
NC,South,2004,4343,16701.6,False,2.127878490935816,False,False,False,1992,2020,1,1992,2020,True
NC,South,2005,4044,16155.85,False,0.9311535804743265,False,False,False,1992,2020,1,1992,2020,True
NC,South,2006,5059,23369.94999,False,1.2509891196834817,False,False,False,1992,2020,1,1992,2020,True
NC,South,2007,7284,50416.8,False,1.439810239177703,False,False,False,1992,2020,1,1992,2020,True
NC,South,2008,4382,82255.65001,False,0.6015925315760571,False,False,False,1992,2020,1,1992,2020,True
NC,South,2009,3311,19328.35,False,0.755591054313099,False,False,False,1992,2020,1,1992,2020,True
NC,South,2010,4100,16987.3,False,1.2382965871337965,False,False,False,1992,2020,1,1992,2020,True
NC,South,2011,5426,109458.78,False,1.3234146341463415,False,False,False,1992,2020,1,1992,2020,True
NC,South,2012,3559,35318.75,False,0.6559159601916698,False,False,False,1992,2020,1,1992,2020,True
NC,South,2013,3329,14148.699999999999,False,0.935375105366676,False,False,False,1992,2020,1,1992,2020,True
NC,South,2014,4587,14991.4,False,1.377891258636227,False,False,False,1992,2020,1,1992,2020,True
NC,South,2015,2471,11044.73,False,0.538696315674733,False,False,False,1992,2020,1,1992,2020,True
NC,South,2016,4283,96789.11,False,1.7333063537029543,False,False,False,1992,2020,1,1992,2020,True
NC,South,2017,5159,24284.45,False,1.2045295353724026,False,False,False,1992,2020,1,1992,2020,True
NC,South,2018,3085,11253.49,False,0.597984105446792,False,False,False,1992,2020,1,1992,2020,True
NC,South,2019,3940,9187.38,False,1.2771474878444085,False,False,False,1992,2020,1,1992,2020,True
NC,South,2020,2432,8761.68,False,0.617258883248731,False,False,False,1992,2020,1,1992,2020,True
ND,Other,1992,396,6373.9,False,,False,False,False,1992,2020,1,1992,2020,True
ND,Other,1993,386,3923.9,False,0.9747474747474747,False,False,False,1992,2020,1,1992,2020,True
ND,Other,1994,501,11743.3,False,1.2979274611398963,False,False,False,1992,2020,1,1992,2020,True
ND,Other,1995,272,2047.6,False,0.5429141716566867,False,False,False,1992,2020,1,1992,2020,True
ND,Other,1996,527,4801.8,False,1.9375,False,False,False,1992,2020,1,1992,2020,True
ND,Other,1997,453,6203.8,False,0.8595825426944972,False,False,False,1992,2020,1,1992,2020,True
ND,Other,1998,492,7760.1,False,1.086092715231788,False,False,False,1992,2020,1,1992,2020,True
ND,Other,1999,506,70997.6,False,1.0284552845528456,False,False,False,1992,2020,1,1992,2020,True
ND,Other,2000,627,18171.7,False,1.2391304347826086,False,False,False,1992,2020,1,1992,2020,True
ND,Other,2001,553,6567.3,False,0.8819776714513556,False,False,False,1992,2020,1,1992,2020,True
ND,Other,2002,906,52819.4,False,1.6383363471971066,False,False,False,1992,2020,1,1992,2020,True
ND,Other,2003,836,25500.9,False,0.9227373068432672,False,False,False,1992,2020,1,1992,2020,True
ND,Other,2004,820,19749.89,False,0.9808612440191388,False,False,False,1992,2020,1,1992,2020,True
ND,Other,2005,903,18726.1,False,1.101219512195122,False,False,False,1992,2020,1,1992,2020,True
ND,Other,2006,1060,23697.95,False,1.1738648947951273,False,False,False,1992,2020,1,1992,2020,True
ND,Other,2007,865,18860.9,False,0.8160377358490566,False,False,False,1992,2020,1,1992,2020,True
ND,Other,2008,723,29906.05,False,0.8358381502890173,False,False,False,1992,2020,1,1992,2020,True
ND,Other,2009,415,3314.1600000000003,False,0.573997233748271,False,False,False,1992,2020,1,1992,2020,True
ND,Other,2010,435,3754.8,False,1.0481927710843373,False,False,False,1992,2020,1,1992,2020,True
ND,Other,2011,373,4049.38,False,0.8574712643678161,False,False,False,1992,2020,1,1992,2020,True
ND,Other,2012,1098,41722.89,False,2.9436997319034854,False,False,False,1992,2020,1,1992,2020,True
ND,Other,2013,541,6693.69,False,0.49271402550091076,False,False,False,1992,2020,1,1992,2020,True
ND,Other,2014,510,3915.45,False,0.9426987060998152,False,False,False,1992,2020,1,1992,2020,True
ND,Other,2015,1002,25793.97,False,1.964705882352941,False,False,False,1992,2020,1,1992,2020,True
ND,Other,2016,1121,20103.27,False,1.1187624750499001,False,False,False,1992,2020,1,1992,2020,True
ND,Other,2017,999,14742.82,False,0.8911685994647636,False,False,False,1992,2020,1,1992,2020,True
ND,Other,2018,988,20902.3,False,0.988988988988989,False,False,False,1992,2020,1,1992,2020,True
ND,Other,2019,954,8052.64,False,0.9655870445344129,False,False,False,1992,2020,1,1992,2020,True
ND,Other,2020,758,10154.535,False,0.7945492662473794,False,False,False,1992,2020,1,1992,2020,True
NE,Other,1992,25,1227.1,False,,False,False,False,1992,2020,1,2007,2020,False
NE,Other,1993,17,173.5,False,0.68,False,False,False,1992,2020,1,2007,2020,False
NE,Other,1994,80,6869.5,False,4.705882352941177,True,False,True,1992,2020,2,2007,2020,False
NE,Other,1995,56,55757.8,False,0.7,False,False,False,1992,2020,2,2007,2020,False
NE,Other,1996,59,8278.3,False,1.0535714285714286,False,False,False,1992,2020,2,2007,2020,False
NE,Other,1997,57,18129.5,False,0.9661016949152542,False,False,False,1992,2020,2,2007,2020,False
NE,Other,1998,43,14110.1,False,0.7543859649122807,False,False,False,1992,2020,2,2007,2020,False
NE,Other,1999,75,118550.5,False,1.744186046511628,False,False,False,1992,2020,2,2007,2020,False
NE,Other,2000,114,116094.001,False,1.52,False,False,False,1992,2020,2,2007,2020,False
NE,Other,2001,77,2473.5519999999997,False,0.6754385964912281,False,False,False,1992,2020,2,2007,2020,False
NE,Other,2002,183,10095.06,False,2.3766233766233764,False,False,False,1992,2020,2,2007,2020,False
NE,Other,2003,161,3316.35,False,0.8797814207650273,False,False,False,1992,2020,2,2007,2020,False
NE,Other,2004,169,3652.07,False,1.049689440993789,False,False,False,1992,2020,2,2007,2020,False
NE,Other,2005,177,6481.12,False,1.047337278106509,False,False,False,1992,2020,2,2007,2020,False
NE,Other,2006,122,89062.505,False,0.6892655367231638,False,False,False,1992,2020,2,2007,2020,False
NE,Other,2007,818,20689.3245,False,6.704918032786885,True,False,True,1992,2020,3,2007,2020,True
NE,Other,2008,611,7784.8202,False,0.7469437652811736,False,False,False,1992,2020,3,2007,2020,True
NE,Other,2009,715,11186.551,False,1.1702127659574468,False,False,False,1992,2020,3,2007,2020,True
NE,Other,2010,610,23333.690000000002,False,0.8531468531468531,False,False,False,1992,2020,3,2007,2020,True
NE,Other,2011,832,39060.632,False,1.3639344262295081,False,False,False,1992,2020,3,2007,2020,True
NE,Other,2012,1223,336108.359,False,1.4699519230769231,False,False,False,1992,2020,3,2007,2020,True
NE,Other,2013,423,10547.091,False,0.34587080948487325,False,False,False,1992,2020,3,2007,2020,True
NE,Other,2014,723,20213.0322,False,1.7092198581560283,False,False,False,1992,2020,3,2007,2020,True
NE,Other,2015,599,44194.8,False,0.8284923928077456,False,False,False,1992,2020,3,2007,2020,True
NE,Other,2016,527,30564.8551,False,0.8797996661101837,False,False,False,1992,2020,3,2007,2020,True
NE,Other,2017,986,28520.23,False,1.8709677419354838,False,False,False,1992,2020,3,2007,2020,True
NE,Other,2018,872,13776.2511,False,0.8843813387423936,False,False,False,1992,2020,3,2007,2020,True
NE,Other,2019,425,17470.05,False,0.4873853211009174,False,False,False,1992,2020,3,2007,2020,True
NE,Other,2020,964,37459.322,False,2.268235294117647,False,False,False,1992,2020,3,2007,2020,True
NH,Northeast,1992,107,164.671,False,,False,False,False,1992,2020,1,2000,2010,False
NH,Northeast,1993,142,166.663,False,1.3271028037383177,False,False,False,1992,2020,1,2000,2010,False
NH,Northeast,1994,133,207.234,False,0.9366197183098591,False,False,False,1992,2020,1,2000,2010,False
NH,Northeast,1995,195,309.042,False,1.4661654135338347,False,False,False,1992,2020,1,2000,2010,False
NH,Northeast,1996,83,95.734,False,0.4256410256410256,False,False,False,1992,2020,1,2000,2010,False
NH,Northeast,1997,85,108.17,False,1.0240963855421688,False,False,False,1992,2020,1,2000,2010,False
NH,Northeast,1998,171,257.02,False,2.011764705882353,False,False,False,1992,2020,1,2000,2010,False
NH,Northeast,1999,5,16.2,False,0.029239766081871343,False,True,True,1992,2020,2,2000,2010,False
NH,Northeast,2000,87,132.26,False,17.4,True,False,True,1992,2020,3,2000,2010,True
NH,Northeast,2001,124,152.81,False,1.4252873563218391,False,False,False,1992,2020,3,2000,2010,True
NH,Northeast,2002,116,158.75,False,0.9354838709677419,False,False,False,1992,2020,3,2000,2010,True
NH,Northeast,2003,56,89.55,False,0.4827586206896552,False,False,False,1992,2020,3,2000,2010,True
NH,Northeast,2004,70,232.38,False,1.25,False,False,False,1992,2020,3,2000,2010,True
NH,Northeast,2005,88,114.73,False,1.2571428571428571,False,False,False,1992,2020,3,2000,2010,True
NH,Northeast,2006,111,291.239,False,1.2613636363636365,False,False,False,1992,2020,3,2000,2010,True
NH,Northeast,2007,95,145.49,False,0.8558558558558559,False,False,False,1992,2020,3,2000,2010,True
NH,Northeast,2008,102,185.07,False,1.0736842105263158,False,False,False,1992,2020,3,2000,2010,True
NH,Northeast,2009,68,121.785,False,0.6666666666666666,False,False,False,1992,2020,3,2000,2010,True
NH,Northeast,2010,98,52.043,False,1.4411764705882353,False,False,False,1992,2020,3,2000,2010,True
NH,Northeast,2011,4,4.45,False,0.04081632653061224,False,True,True,1992,2020,4,2000,2010,False
NH,Northeast,2012,100,101.06,False,25.0,True,False,True,1992,2020,5,2000,2010,False
NH,Northeast,2013,147,85.52,False,1.47,False,False,False,1992,2020,5,2000,2010,False
NH,Northeast,2014,125,78.466,False,0.8503401360544217,False,False,False,1992,2020,5,2000,2010,False
NH,Northeast,2015,182,621.1,False,1.456,False,False,False,1992,2020,5,2000,2010,False
NH,Northeast,2016,228,1047.533,False,1.2527472527472527,False,False,False,1992,2020,5,2000,2010,False
NH,Northeast,2017,68,141.975,False,0.2982456140350877,False,True,True,1992,2020,6,2000,2010,False
NH,Northeast,2018,145,58.8703,False,2.1323529411764706,False,False,False,1992,2020,6,2000,2010,False
NH,Northeast,2019,17,22.75,False,0.11724137931034483,False,True,True,1992,2020,7,2000,2010,False
NH,Northeast,2020,129,69.868,False,7.588235294117647,True,False,True,1992,2020,8,2000,2010,False
NJ,Northeast,1992,1325,16603.65,False,,False,False,False,1992,2020,1,1992,2020,True
NJ,Northeast,1993,842,922.7,False,0.6354716981132076,False,False,False,1992,2020,1,1992,2020,True
NJ,Northeast,1994,1326,2725.85,False,1.5748218527315914,False,False,False,1992,2020,1,1992,2020,True
NJ,Northeast,1995,1817,22962.146,False,1.3702865761689291,False,False,False,1992,2020,1,1992,2020,True
NJ,Northeast,1996,768,929.6,False,0.42267473858007704,False,False,False,1992,2020,1,1992,2020,True
NJ,Northeast,1997,1383,4767.8,False,1.80078125,False,False,False,1992,2020,1,1992,2020,True
NJ,Northeast,1998,1312,1320.44,False,0.9486623282718727,False,False,False,1992,2020,1,1992,2020,True
NJ,Northeast,1999,1758,16030.3,False,1.3399390243902438,False,False,False,1992,2020,1,1992,2020,True
NJ,Northeast,2000,972,2016.5,False,0.552901023890785,False,False,False,1992,2020,1,1992,2020,True
NJ,Northeast,2001,1571,4410.2,False,1.6162551440329218,False,False,False,1992,2020,1,1992,2020,True
NJ,Northeast,2002,1419,5791.75,False,0.9032463399108848,False,False,False,1992,2020,1,1992,2020,True
NJ,Northeast,2003,718,956.0,False,0.5059901338971107,False,False,False,1992,2020,1,1992,2020,True
NJ,Northeast,2004,864,503.55,False,1.2033426183844012,False,False,False,1992,2020,1,1992,2020,True
NJ,Northeast,2005,1200,1544.5,False,1.3888888888888888,False,False,False,1992,2020,1,1992,2020,True
NJ,Northeast,2006,1576,2829.25,False,1.3133333333333332,False,False,False,1992,2020,1,1992,2020,True
NJ,Northeast,2007,1121,20647.6,False,0.7112944162436549,False,False,False,1992,2020,1,1992,2020,True
NJ,Northeast,2008,1249,3312.95,False,1.1141837644959858,False,False,False,1992,2020,1,1992,2020,True
NJ,Northeast,2009,780,1060.25,False,0.6244995996797438,False,False,False,1992,2020,1,1992,2020,True
NJ,Northeast,2010,1460,9951.3,False,1.8717948717948718,False,False,False,1992,2020,1,1992,2020,True
NJ,Northeast,2011,703,818.25,False,0.4815068493150685,False,False,False,1992,2020,1,1992,2020,True
NJ,Northeast,2012,1084,3142.55,False,1.5419630156472262,False,False,False,1992,2020,1,1992,2020,True
NJ,Northeast,2013,988,1428.05,False,0.9114391143911439,False,False,False,1992,2020,1,1992,2020,True
NJ,Northeast,2014,928,10246.3,False,0.9392712550607287,False,False,False,1992,2020,1,1992,2020,True
NJ,Northeast,2015,1047,2735.8,False,1.1282327586206897,False,False,False,1992,2020,1,1992,2020,True
NJ,Northeast,2016,1050,4982.3,False,1.002865329512894,False,False,False,1992,2020,1,1992,2020,True
NJ,Northeast,2017,713,10063.55,False,0.679047619047619,False,False,False,1992,2020,1,1992,2020,True
NJ,Northeast,2018,579,1279.0,False,0.8120617110799438,False,False,False,1992,2020,1,1992,2020,True
NJ,Northeast,2019,677,12832.4,False,1.1692573402417963,False,False,False,1992,2020,1,1992,2020,True
NJ,Northeast,2020,1021,4792.15,False,1.5081240768094535,False,False,False,1992,2020,1,1992,2020,True
NM,West,1992,977,99202.45,False,,False,False,False,1992,2020,1,1992,2020,True
NM,West,1993,1808,302329.04,False,1.850562947799386,False,False,False,1992,2020,1,1992,2020,True
NM,West,1994,2668,416646.72,False,1.4756637168141593,False,False,False,1992,2020,1,1992,2020,True
NM,West,1995,1665,139862.35,False,0.6240629685157422,False,False,False,1992,2020,1,1992,2020,True
NM,West,1996,2101,171645.96,False,1.2618618618618618,False,False,False,1992,2020,1,1992,2020,True
NM,West,1997,1380,169966.5,False,0.6568300809138505,False,False,False,1992,2020,1,1992,2020,True
NM,West,1998,1294,97959.56,False,0.9376811594202898,False,False,False,1992,2020,1,1992,2020,True
NM,West,1999,1231,82559.04,False,0.9513137557959814,False,False,False,1992,2020,1,1992,2020,True
NM,West,2000,2797,526543.459,False,2.272136474411048,False,False,False,1992,2020,1,1992,2020,True
NM,West,2001,1700,70554.31,False,0.6077940650697176,False,False,False,1992,2020,1,1992,2020,True
NM,West,2002,2072,321163.17,False,1.2188235294117646,False,False,False,1992,2020,1,1992,2020,True
NM,West,2003,1970,235611.075,False,0.9507722007722008,False,False,False,1992,2020,1,1992,2020,True
NM,West,2004,1229,91896.73,False,0.6238578680203045,False,False,False,1992,2020,1,1992,2020,True
NM,West,2005,1582,179194.535,False,1.2872253864930838,False,False,False,1992,2020,1,1992,2020,True
NM,West,2006,1996,546954.102,False,1.261694058154235,False,False,False,1992,2020,1,1992,2020,True
NM,West,2007,1424,143521.42001,False,0.7134268537074149,False,False,False,1992,2020,1,1992,2020,True
NM,West,2008,864,365494.54,False,0.6067415730337079,False,False,False,1992,2020,1,1992,2020,True
NM,West,2009,1446,423158.58,False,1.6736111111111112,False,False,False,1992,2020,1,1992,2020,True
NM,West,2010,1136,131034.57,False,0.7856154910096819,False,False,False,1992,2020,1,1992,2020,True
NM,West,2011,2196,1143943.7,False,1.9330985915492958,False,False,False,1992,2020,1,1992,2020,True
NM,West,2012,1174,370998.82,False,0.5346083788706739,False,False,False,1992,2020,1,1992,2020,True
NM,West,2013,1078,285066.05,False,0.9182282793867121,False,False,False,1992,2020,1,1992,2020,True
NM,West,2014,893,43976.16,False,0.8283858998144712,False,False,False,1992,2020,1,1992,2020,True
NM,West,2015,777,52126.7,False,0.8701007838745801,False,False,False,1992,2020,1,1992,2020,True
NM,West,2016,1436,227503.81,False,1.848133848133848,False,False,False,1992,2020,1,1992,2020,True
NM,West,2017,967,142800.2,False,0.6733983286908078,False,False,False,1992,2020,1,1992,2020,True
NM,West,2018,1332,372680.2,False,1.377456049638056,False,False,False,1992,2020,1,1992,2020,True
NM,West,2019,964,106302.92,False,0.7237237237237237,False,False,False,1992,2020,1,1992,2020,True
NM,West,2020,1421,142571.8434,False,1.4740663900414939,False,False,False,1992,2020,1,1992,2020,True
NV,West,1992,556,92345.8,False,,False,False,False,1992,2020,1,1992,2020,True
NV,West,1993,443,53979.9,False,0.7967625899280576,False,False,False,1992,2020,1,1992,2020,True
NV,West,1994,710,196057.8,False,1.602708803611738,False,False,False,1992,2020,1,1992,2020,True
NV,West,1995,545,120031.4,False,0.7676056338028169,False,False,False,1992,2020,1,1992,2020,True
NV,West,1996,1087,627483.5,False,1.9944954128440366,False,False,False,1992,2020,1,1992,2020,True
NV,West,1997,595,41857.4,False,0.547378104875805,False,False,False,1992,2020,1,1992,2020,True
NV,West,1998,638,91363.7,False,1.0722689075630252,False,False,False,1992,2020,1,1992,2020,True
NV,West,1999,1047,1773486.6,False,1.641065830721003,False,False,False,1992,2020,1,1992,2020,True
NV,West,2000,976,648744.2,False,0.9321872015281757,False,False,False,1992,2020,1,1992,2020,True
NV,West,2001,1117,598503.2,False,1.1444672131147542,False,False,False,1992,2020,1,1992,2020,True
NV,West,2002,648,53172.2,False,0.5801253357206804,False,False,False,1992,2020,1,1992,2020,True
NV,West,2003,664,17385.95,False,1.0246913580246915,False,False,False,1992,2020,1,1992,2020,True
NV,West,2004,776,41767.1,False,1.1686746987951808,False,False,False,1992,2020,1,1992,2020,True
NV,West,2005,749,1102037.05,False,0.9652061855670103,False,False,False,1992,2020,1,1992,2020,True
NV,West,2006,1051,1358283.69,False,1.4032042723631508,False,False,False,1992,2020,1,1992,2020,True
NV,West,2007,698,946541.3,False,0.6641294005708849,False,False,False,1992,2020,1,1992,2020,True
NV,West,2008,447,79277.23,False,0.6404011461318052,False,False,False,1992,2020,1,1992,2020,True
NV,West,2009,570,28678.98,False,1.2751677852348993,False,False,False,1992,2020,1,1992,2020,True
NV,West,2010,353,19970.15,False,0.6192982456140351,False,False,False,1992,2020,1,1992,2020,True
NV,West,2011,721,422953.14999999997,False,2.0424929178470257,False,False,False,1992,2020,1,1992,2020,True
NV,West,2012,837,455326.07,False,1.160887656033287,False,False,False,1992,2020,1,1992,2020,True
NV,West,2013,657,180004.85,False,0.7849462365591398,False,False,False,1992,2020,1,1992,2020,True
NV,West,2014,542,69902.34,False,0.8249619482496194,False,False,False,1992,2020,1,1992,2020,True
NV,West,2015,526,23445.88,False,0.9704797047970479,False,False,False,1992,2020,1,1992,2020,True
NV,West,2016,512,267515.83,False,0.973384030418251,False,False,False,1992,2020,1,1992,2020,True
NV,West,2017,755,1137057.69,False,1.474609375,False,False,False,1992,2020,1,1992,2020,True
NV,West,2018,654,1070680.1500000001,False,0.866225165562914,False,False,False,1992,2020,1,1992,2020,True
NV,West,2019,571,81264.68000000001,False,0.8730886850152905,False,False,False,1992,2020,1,1992,2020,True
NV,West,2020,765,239269.26799999998,False,1.339754816112084,False,False,False,1992,2020,1,1992,2020,True
NY,Northeast,1992,364,2334.4,False,,False,False,False,1992,2020,1,1997,2020,False
NY,Northeast,1993,304,1126.3,False,0.8351648351648352,False,False,False,1992,2020,1,1997,2020,False
NY,Northeast,1994,129,1154.6,False,0.4243421052631579,False,False,False,1992,2020,1,1997,2020,False
NY,Northeast,1995,487,9167.45,False,3.7751937984496124,True,False,True,1992,2020,2,1997,2020,False
NY,Northeast,1996,107,417.3,False,0.21971252566735114,False,True,True,1992,2020,3,1997,2020,False
NY,Northeast,1997,365,1421.8,False,3.411214953271028,True,False,True,1992,2020,4,1997,2020,True
NY,Northeast,1998,310,1695.71,False,0.8493150684931506,False,False,False,1992,2020,4,1997,2020,True
NY,Northeast,1999,711,6073.45,False,2.293548387096774,False,False,False,1992,2020,4,1997,2020,True
NY,Northeast,2000,1756,1497.78,False,2.469760900140647,False,False,False,1992,2020,4,1997,2020,True
NY,Northeast,2001,3262,7118.24,False,1.857630979498861,False,False,False,1992,2020,4,1997,2020,True
NY,Northeast,2002,3512,4001.53,False,1.0766400980993256,False,False,False,1992,2020,4,1997,2020,True
NY,Northeast,2003,4933,3894.27,False,1.404612756264237,False,False,False,1992,2020,4,1997,2020,True
NY,Northeast,2004,4062,2700.18,False,0.8234340158118791,False,False,False,1992,2020,4,1997,2020,True
NY,Northeast,2005,7700,5030.94,False,1.89561792220581,False,False,False,1992,2020,4,1997,2020,True
NY,Northeast,2006,6629,6770.53,False,0.860909090909091,False,False,False,1992,2020,4,1997,2020,True
NY,Northeast,2007,6317,4139.01,False,0.9529340775380902,False,False,False,1992,2020,4,1997,2020,True
NY,Northeast,2008,7155,8120.94,False,1.1326579072344467,False,False,False,1992,2020,4,1997,2020,True
NY,Northeast,2009,5764,5237.41,False,0.8055904961565339,False,False,False,1992,2020,4,1997,2020,True
NY,Northeast,2010,6181,4300.13,False,1.0723455933379598,False,False,False,1992,2020,4,1997,2020,True
NY,Northeast,2011,3740,1370.94,False,0.6050800841287818,False,False,False,1992,2020,4,1997,2020,True
NY,Northeast,2012,3944,3529.34,False,1.0545454545454545,False,False,False,1992,2020,4,1997,2020,True
NY,Northeast,2013,2888,2376.3,False,0.7322515212981744,False,False,False,1992,2020,4,1997,2020,True
NY,Northeast,2014,4358,2972.882816,False,1.5090027700831026,False,False,False,1992,2020,4,1997,2020,True
NY,Northeast,2015,5874,7299.08,False,1.3478659935750343,False,False,False,1992,2020,4,1997,2020,True
NY,Northeast,2016,6409,9200.8,False,1.0910793326523665,False,False,False,1992,2020,4,1997,2020,True
NY,Northeast,2017,3405,2779.3,False,0.5312841316898113,False,False,False,1992,2020,4,1997,2020,True
NY,Northeast,2018,2505,1687.6791375,False,0.73568281938326,False,False,False,1992,2020,4,1997,2020,True
NY,Northeast,2019,2240,541.3000000000001,False,0.8942115768463074,False,False,False,1992,2020,4,1997,2020,True
NY,Northeast,2020,3731,9222.35,False,1.665625,False,False,False,1992,2020,4,1997,2020,True
OH,Other,1992,21,101.7,False,,False,False,False,1992,2020,1,2001,2020,False
OH,Other,1993,18,42.7,False,0.8571428571428571,False,False,False,1992,2020,1,2001,2020,False
OH,Other,1994,28,125.7,False,1.5555555555555556,False,False,False,1992,2020,1,2001,2020,False
OH,Other,1995,47,292.3,False,1.6785714285714286,False,False,False,1992,2020,1,2001,2020,False
OH,Other,1996,9,70.3,False,0.19148936170212766,False,True,True,1992,2020,2,2001,2020,False
OH,Other,1997,22,41.5,False,2.4444444444444446,False,False,False,1992,2020,2,2001,2020,False
OH,Other,1998,27,203.4,False,1.2272727272727273,False,False,False,1992,2020,2,2001,2020,False
OH,Other,1999,40,705.1,False,1.4814814814814814,False,False,False,1992,2020,2,2001,2020,False
OH,Other,2000,28,370.4,False,0.7,False,False,False,1992,2020,2,2001,2020,False
OH,Other,2001,87,1941.9,False,3.107142857142857,True,False,True,1992,2020,3,2001,2020,True
OH,Other,2002,142,348.0,False,1.632183908045977,False,False,False,1992,2020,3,2001,2020,True
OH,Other,2003,63,1829.694,False,0.44366197183098594,False,False,False,1992,2020,3,2001,2020,True
OH,Other,2004,72,227.82,False,1.1428571428571428,False,False,False,1992,2020,3,2001,2020,True
OH,Other,2005,100,1072.343,False,1.3888888888888888,False,False,False,1992,2020,3,2001,2020,True
OH,Other,2006,222,1280.213,False,2.22,False,False,False,1992,2020,3,2001,2020,True
OH,Other,2007,259,827.72,False,1.1666666666666667,False,False,False,1992,2020,3,2001,2020,True
OH,Other,2008,116,484.235,False,0.44787644787644787,False,False,False,1992,2020,3,2001,2020,True
OH,Other,2009,244,4784.42,False,2.103448275862069,False,False,False,1992,2020,3,2001,2020,True
OH,Other,2010,180,1512.98,False,0.7377049180327869,False,False,False,1992,2020,3,2001,2020,True
OH,Other,2011,79,287.74,False,0.4388888888888889,False,False,False,1992,2020,3,2001,2020,True
OH,Other,2012,204,1097.02,False,2.5822784810126582,False,False,False,1992,2020,3,2001,2020,True
OH,Other,2013,323,1716.51,False,1.5833333333333333,False,False,False,1992,2020,3,2001,2020,True
OH,Other,2014,612,3486.07,False,1.894736842105263,False,False,False,1992,2020,3,2001,2020,True
OH,Other,2015,537,2084.09,False,0.8774509803921569,False,False,False,1992,2020,3,2001,2020,True
OH,Other,2016,394,1027.6299999999999,False,0.7337057728119181,False,False,False,1992,2020,3,2001,2020,True
OH,Other,2017,407,1311.71,False,1.032994923857868,False,False,False,1992,2020,3,2001,2020,True
OH,Other,2018,446,1529.85,False,1.095823095823096,False,False,False,1992,2020,3,2001,2020,True
OH,Other,2019,432,955.77,False,0.968609865470852,False,False,False,1992,2020,3,2001,2020,True
OH,Other,2020,516,1361.98,False,1.1944444444444444,False,False,False,1992,2020,3,2001,2020,True
OK,South,1992,1468,47575.1,False,,False,False,False,1992,2020,1,1992,2020,True
OK,South,1993,2297,69717.4,False,1.5647138964577656,False,False,False,1992,2020,1,1992,2020,True
OK,South,1994,1905,75155.4,False,0.8293426208097519,False,False,False,1992,2020,1,1992,2020,True
OK,South,1995,2583,94453.1,False,1.3559055118110237,False,False,False,1992,2020,1,1992,2020,True
OK,South,1996,2686,207480.0,False,1.0398761130468448,False,False,False,1992,2020,1,1992,2020,True
OK,South,1997,911,36624.9,False,0.33916604616530155,False,False,False,1992,2020,1,1992,2020,True
OK,South,1998,812,22800.8,False,0.8913282107574094,False,False,False,1992,2020,1,1992,2020,True
OK,South,1999,1652,40669.7,False,2.0344827586206895,False,False,False,1992,2020,1,1992,2020,True
OK,South,2000,1624,135159.8,False,0.9830508474576272,False,False,False,1992,2020,1,1992,2020,True
OK,South,2001,1285,51616.7,False,0.791256157635468,False,False,False,1992,2020,1,1992,2020,True
OK,South,2002,1564,58766.4,False,1.2171206225680933,False,False,False,1992,2020,1,1992,2020,True
OK,South,2003,1639,100423.35,False,1.0479539641943734,False,False,False,1992,2020,1,1992,2020,True
OK,South,2004,1688,70082.7,False,1.0298962782184258,False,False,False,1992,2020,1,1992,2020,True
OK,South,2005,3267,337133.95,False,1.9354265402843602,False,False,False,1992,2020,1,1992,2020,True
OK,South,2006,3241,416573.42,False,0.9920416284052648,False,False,False,1992,2020,1,1992,2020,True
OK,South,2007,1325,56870.26,False,0.40882443690219067,False,False,False,1992,2020,1,1992,2020,True
OK,South,2008,2161,144551.23,False,1.630943396226415,False,False,False,1992,2020,1,1992,2020,True
OK,South,2009,2049,403834.45,False,0.9481721425266081,False,False,False,1992,2020,1,1992,2020,True
OK,South,2010,2147,117098.0,False,1.0478282088823816,False,False,False,1992,2020,1,1992,2020,True
OK,South,2011,2542,327168.1,False,1.183977643223102,False,False,False,1992,2020,1,1992,2020,True
OK,South,2012,1655,203966.35,False,0.6510621557828482,False,False,False,1992,2020,1,1992,2020,True
OK,South,2013,794,30110.95,False,0.4797583081570997,False,False,False,1992,2020,1,1992,2020,True
OK,South,2014,1172,187617.2,False,1.4760705289672544,False,False,False,1992,2020,1,1992,2020,True
OK,South,2015,1186,149535.25,False,1.0119453924914676,False,False,False,1992,2020,1,1992,2020,True
OK,South,2016,1626,706048.15,False,1.3709949409780775,False,False,False,1992,2020,1,1992,2020,True
OK,South,2017,1658,991100.95,False,1.019680196801968,False,False,False,1992,2020,1,1992,2020,True
OK,South,2018,1202,568814.4,False,0.7249698431845597,False,False,False,1992,2020,1,1992,2020,True
OK,South,2019,949,64104.12,False,0.7895174708818635,False,False,False,1992,2020,1,1992,2020,True
OK,South,2020,1101,97324.91,False,1.160168598524763,False,False,False,1992,2020,1,1992,2020,True
OR,West,1992,3956,117437.26,False,,False,False,False,1992,2020,1,1992,2020,True
OR,West,1993,1852,13843.28,False,0.46814964610717896,False,False,False,1992,2020,1,1992,2020,True
OR,West,1994,3473,276054.32,False,1.875269978401728,False,False,False,1992,2020,1,1992,2020,True
OR,West,1995,2264,61282.49,False,0.6518859775410308,False,False,False,1992,2020,1,1992,2020,True
OR,West,1996,2875,590641.84,False,1.2698763250883391,False,False,False,1992,2020,1,1992,2020,True
OR,West,1997,2142,24603.940000000002,False,0.7450434782608696,False,False,False,1992,2020,1,1992,2020,True
OR,West,1998,2575,83099.62,False,1.2021475256769374,False,False,False,1992,2020,1,1992,2020,True
OR,West,1999,2927,72161.93,False,1.1366990291262136,False,False,False,1992,2020,1,1992,2020,True
OR,West,2000,1938,365429.38,False,0.6621113768363512,False,False,False,1992,2020,1,1992,2020,True
OR,West,2001,3369,389247.23,False,1.738390092879257,False,False,False,1992,2020,1,1992,2020,True
OR,West,2002,2758,1011073.62,False,0.8186405461561295,False,False,False,1992,2020,1,1992,2020,True
OR,West,2003,2615,169621.16999999998,False,0.948150833937636,False,False,False,1992,2020,1,1992,2020,True
OR,West,2004,2270,30383.74,False,0.8680688336520076,False,False,False,1992,2020,1,1992,2020,True
OR,West,2005,1744,139377.28,False,0.7682819383259912,False,False,False,1992,2020,1,1992,2020,True
OR,West,2006,3184,500568.82,False,1.8256880733944953,False,False,False,1992,2020,1,1992,2020,True
OR,West,2007,2512,567205.89,False,0.7889447236180904,False,False,False,1992,2020,1,1992,2020,True
OR,West,2008,2668,240911.43,False,1.0621019108280254,False,False,False,1992,2020,1,1992,2020,True
OR,West,2009,2304,89058.37,False,0.863568215892054,False,False,False,1992,2020,1,1992,2020,True
OR,West,2010,1924,87747.78,False,0.8350694444444444,False,False,False,1992,2020,1,1992,2020,True
OR,West,2011,1968,224034.59,False,1.022869022869023,False,False,False,1992,2020,1,1992,2020,True
OR,West,2012,1657,1531105.27,False,0.8419715447154471,False,False,False,1992,2020,1,1992,2020,True
OR,West,2013,2562,319439.93,False,1.5461677730838865,False,False,False,1992,2020,1,1992,2020,True
OR,West,2014,3047,934078.44,False,1.189305230288837,False,False,False,1992,2020,1,1992,2020,True
OR,West,2015,2500,579124.05,False,0.8204791598293404,False,False,False,1992,2020,1,1992,2020,True
OR,West,2016,1585,203206.99,False,0.634,False,False,False,1992,2020,1,1992,2020,True
OR,West,2017,2473,780086.63,False,1.5602523659305993,False,False,False,1992,2020,1,1992,2020,True
OR,West,2018,2015,738643.85,False,0.8147998382531338,False,False,False,1992,2020,1,1992,2020,True
OR,West,2019,2157,74425.88,False,1.0704714640198512,False,False,False,1992,2020,1,1992,2020,True
OR,West,2020,2135,1124594.3,False,0.989800649049606,False,False,False,1992,2020,1,1992,2020,True
PA,Northeast,1992,17,59.7,False,,False,False,False,1992,2020,1,1992,2001,True
PA,Northeast,1993,19,40.8,False,1.1176470588235294,False,False,False,1992,2020,1,1992,2001,True
PA,Northeast,1994,20,66.5,False,1.0526315789473684,False,False,False,1992,2020,1,1992,2001,True
PA,Northeast,1995,22,51.2,False,1.1,False,False,False,1992,2020,1,1992,2001,True
PA,Northeast,1996,12,18.9,False,0.5454545454545454,False,False,False,1992,2020,1,1992,2001,True
PA,Northeast,1997,12,107.7,False,1.0,False,False,False,1992,2020,1,1992,2001,True
PA,Northeast,1998,18,54.2,False,1.5,False,False,False,1992,2020,1,1992,2001,True
PA,Northeast,1999,30,493.8,False,1.6666666666666667,False,False,False,1992,2020,1,1992,2001,True
PA,Northeast,2000,14,356.7,False,0.4666666666666667,False,False,False,1992,2020,1,1992,2001,True
PA,Northeast,2001,37,4472.7,False,2.642857142857143,False,False,False,1992,2020,1,1992,2001,True
PA,Northeast,2002,628,3173.793759,False,16.972972972972972,True,False,True,1992,2020,2,1992,2001,False
PA,Northeast,2003,407,2082.12558,False,0.6480891719745223,False,False,False,1992,2020,2,1992,2001,False
PA,Northeast,2004,193,2766.42199,False,0.4742014742014742,False,False,False,1992,2020,2,1992,2001,False
PA,Northeast,2005,783,4170.06701,False,4.05699481865285,True,False,True,1992,2020,3,1992,2001,False
PA,Northeast,2006,874,7880.1635799999995,False,1.116219667943806,False,False,False,1992,2020,3,1992,2001,False
PA,Northeast,2007,514,1131.1865,False,0.5881006864988558,False,False,False,1992,2020,3,1992,2001,False
PA,Northeast,2008,652,7610.5693,False,1.2684824902723735,False,False,False,1992,2020,3,1992,2001,False
PA,Northeast,2009,632,6203.11182,False,0.9693251533742331,False,False,False,1992,2020,3,1992,2001,False
PA,Northeast,2010,583,3499.96599,False,0.9224683544303798,False,False,False,1992,2020,3,1992,2001,False
PA,Northeast,2011,201,579.41,False,0.34476843910806176,False,False,False,1992,2020,3,1992,2001,False
PA,Northeast,2012,724,3207.56,False,3.601990049751244,True,False,True,1992,2020,4,1992,2001,False
PA,Northeast,2013,639,1784.77,False,0.8825966850828729,False,False,False,1992,2020,4,1992,2001,False
PA,Northeast,2014,875,4511.18,False,1.3693270735524257,False,False,False,1992,2020,4,1992,2001,False
PA,Northeast,2015,807,4136.24,False,0.9222857142857143,False,False,False,1992,2020,4,1992,2001,False
PA,Northeast,2016,854,12185.07,False,1.0582403965303593,False,False,False,1992,2020,4,1992,2001,False
PA,Northeast,2017,541,1654.6100000000001,False,0.6334894613583139,False,False,False,1992,2020,4,1992,2001,False
PA,Northeast,2018,695,1855.09,False,1.2846580406654344,False,False,False,1992,2020,4,1992,2001,False
PA,Northeast,2019,545,694.73,False,0.7841726618705036,False,False,False,1992,2020,4,1992,2001,False
PA,Northeast,2020,1513,3038.01,False,2.776146788990826,False,False,False,1992,2020,4,1992,2001,False
PR,Hawaii/PR,1992,4,127.0,False,,False,False,False,1992,2020,1,2013,2020,False
PR,Hawaii/PR,1993,1,163.0,False,0.25,False,False,False,1992,2020,1,2013,2020,False
PR,Hawaii/PR,1994,4,1000.0,False,4.0,False,False,False,1992,2020,1,2013,2020,False
PR,Hawaii/PR,1995,0,0.0,True,,False,False,False,1992,2020,-1,2013,2020,False
PR,Hawaii/PR,1996,3,502.0,False,0.75,False,False,False,1992,2020,3,2013,2020,False
PR,Hawaii/PR,1997,6,82.8,False,2.0,False,False,False,1992,2020,3,2013,2020,False
PR,Hawaii/PR,1998,1,1.0,False,0.16666666666666666,False,False,False,1992,2020,3,2013,2020,False
PR,Hawaii/PR,1999,0,0.0,True,,False,False,False,1992,2020,-1,2013,2020,False
PR,Hawaii/PR,2000,0,0.0,True,,False,False,False,1992,2020,-1,2013,2020,False
PR,Hawaii/PR,2001,0,0.0,True,,False,False,False,1992,2020,-1,2013,2020,False
PR,Hawaii/PR,2002,1,55.0,False,1.0,False,False,False,1992,2020,7,2013,2020,False
PR,Hawaii/PR,2003,3622,18886.41,False,3622.0,True,False,True,1992,2020,8,2013,2020,False
PR,Hawaii/PR,2004,1885,9274.29,False,0.5204307012700166,False,False,False,1992,2020,8,2013,2020,False
PR,Hawaii/PR,2005,4274,28132.09,False,2.2673740053050397,False,False,False,1992,2020,8,2013,2020,False
PR,Hawaii/PR,2006,2529,11263.12,False,0.5917173607861488,False,False,False,1992,2020,8,2013,2020,False
PR,Hawaii/PR,2007,3693,24801.48,False,1.4602609727164888,False,False,False,1992,2020,8,2013,2020,False
PR,Hawaii/PR,2008,17,618.1,False,0.004603303547251557,False,True,True,1992,2020,9,2013,2020,False
PR,Hawaii/PR,2009,1690,8870.36,False,99.41176470588235,True,False,True,1992,2020,10,2013,2020,False
PR,Hawaii/PR,2010,1750,7171.15,False,1.0355029585798816,False,False,False,1992,2020,10,2013,2020,False
PR,Hawaii/PR,2011,2490,23233.57,False,1.4228571428571428,False,False,False,1992,2020,10,2013,2020,False
PR,Hawaii/PR,2012,8,392.2,False,0.00321285140562249,False,True,True,1992,2020,11,2013,2020,False
PR,Hawaii/PR,2013,33,2527.4,False,4.125,True,False,True,1992,2020,12,2013,2020,True
PR,Hawaii/PR,2014,42,260.7,False,1.2727272727272727,False,False,False,1992,2020,12,2013,2020,True
PR,Hawaii/PR,2015,28,1326.75,False,0.6666666666666666,False,False,False,1992,2020,12,2013,2020,True
PR,Hawaii/PR,2016,26,100.1,False,0.9285714285714286,False,False,False,1992,2020,12,2013,2020,True
PR,Hawaii/PR,2017,25,119.0,False,0.9615384615384616,False,False,False,1992,2020,12,2013,2020,True
PR,Hawaii/PR,2018,27,279.9,False,1.08,False,False,False,1992,2020,12,2013,2020,True
PR,Hawaii/PR,2019,31,314.4,False,1.1481481481481481,False,False,False,1992,2020,12,2013,2020,True
PR,Hawaii/PR,2020,12,70.5,False,0.3870967741935484,False,False,False,1992,2020,12,2013,2020,True
RI,Northeast,1992,0,0.0,True,,False,False,False,1994,2020,-1,2011,2020,False
RI,Northeast,1993,0,0.0,True,,False,False,False,1994,2020,-1,2011,2020,False
RI,Northeast,1994,1,25.0,False,,False,False,False,1994,2020,3,2011,2020,False
RI,Northeast,1995,0,0.0,True,,False,False,False,1994,2020,-1,2011,2020,False
RI,Northeast,1996,0,0.0,True,,False,False,False,1994,2020,-1,2011,2020,False
RI,Northeast,1997,0,0.0,True,,False,False,False,1994,2020,-1,2011,2020,False
RI,Northeast,1998,0,0.0,True,,False,False,False,1994,2020,-1,2011,2020,False
RI,Northeast,1999,0,0.0,True,,False,False,False,1994,2020,-1,2011,2020,False
RI,Northeast,2000,0,0.0,True,,False,False,False,1994,2020,-1,2011,2020,False
RI,Northeast,2001,0,0.0,True,,False,False,False,1994,2020,-1,2011,2020,False
RI,Northeast,2002,0,0.0,True,,False,False,False,1994,2020,-1,2011,2020,False
RI,Northeast,2003,0,0.0,True,,False,False,False,1994,2020,-1,2011,2020,False
RI,Northeast,2004,0,0.0,True,,False,False,False,1994,2020,-1,2011,2020,False
RI,Northeast,2005,18,36.0,False,18.0,False,False,False,1994,2020,14,2011,2020,False
RI,Northeast,2006,25,93.0,False,1.3888888888888888,False,False,False,1994,2020,14,2011,2020,False
RI,Northeast,2007,21,37.0,False,0.84,False,False,False,1994,2020,14,2011,2020,False
RI,Northeast,2008,135,91.0,False,6.428571428571429,True,False,True,1994,2020,15,2011,2020,False
RI,Northeast,2009,47,50.63,False,0.34814814814814815,False,False,False,1994,2020,15,2011,2020,False
RI,Northeast,2010,0,0.0,True,,False,False,False,1994,2020,-1,2011,2020,False
RI,Northeast,2011,34,28.04,False,0.723404255319149,False,False,False,1994,2020,17,2011,2020,True
RI,Northeast,2012,49,39.910000000000004,False,1.4411764705882353,False,False,False,1994,2020,17,2011,2020,True
RI,Northeast,2013,19,16.7,False,0.3877551020408163,False,False,False,1994,2020,17,2011,2020,True
RI,Northeast,2014,46,23.3,False,2.4210526315789473,False,False,False,1994,2020,17,2011,2020,True
RI,Northeast,2015,85,121.83,False,1.8478260869565217,False,False,False,1994,2020,17,2011,2020,True
RI,Northeast,2016,82,55.660000000000004,False,0.9647058823529412,False,False,False,1994,2020,17,2011,2020,True
RI,Northeast,2017,35,31.400000000000002,False,0.4268292682926829,False,False,False,1994,2020,17,2011,2020,True
RI,Northeast,2018,34,14.0,False,0.9714285714285714,False,False,False,1994,2020,17,2011,2020,True
RI,Northeast,2019,44,32.15,False,1.2941176470588236,False,False,False,1994,2020,17,2011,2020,True
RI,Northeast,2020,112,83.9,False,2.5454545454545454,False,False,False,1994,2020,17,2011,2020,True
SC,South,1992,5195,31202.8,False,,False,False,False,1992,2020,1,2003,2020,False
SC,South,1993,5287,34284.7,False,1.0177093358999036,False,False,False,1992,2020,1,2003,2020,False
SC,South,1994,4489,30354.1,False,0.8490637412521279,False,False,False,1992,2020,1,2003,2020,False
SC,South,1995,3520,17794.8,False,0.7841390064602362,False,False,False,1992,2020,1,2003,2020,False
SC,South,1996,4414,28609.6,False,1.2539772727272727,False,False,False,1992,2020,1,2003,2020,False
SC,South,1997,3070,25238.5,False,0.695514272768464,False,False,False,1992,2020,1,2003,2020,False
SC,South,1998,3508,16369.0,False,1.142671009771987,False,False,False,1992,2020,1,2003,2020,False
SC,South,1999,5384,35934.4,False,1.5347776510832383,False,False,False,1992,2020,1,2003,2020,False
SC,South,2000,4995,25197.3,False,0.9277488855869243,False,False,False,1992,2020,1,2003,2020,False
SC,South,2001,6225,36528.0,False,1.2462462462462462,False,False,False,1992,2020,1,2003,2020,False
SC,South,2002,4683,45485.6,False,0.752289156626506,False,False,False,1992,2020,1,2003,2020,False
SC,South,2003,1315,6721.85,False,0.2808029041212898,False,True,True,1992,2020,2,2003,2020,True
SC,South,2004,3058,23390.7,False,2.3254752851711027,False,False,False,1992,2020,2,2003,2020,True
SC,South,2005,2704,14747.145,False,0.8842380640941792,False,False,False,1992,2020,2,2003,2020,True
SC,South,2006,2855,17646.26,False,1.0558431952662721,False,False,False,1992,2020,2,2003,2020,True
SC,South,2007,3998,22275.6,False,1.4003502626970228,False,False,False,1992,2020,2,2003,2020,True
SC,South,2008,2744,17397.77998,False,0.6863431715857929,False,False,False,1992,2020,2,2003,2020,True
SC,South,2009,1757,30566.22,False,0.6403061224489796,False,False,False,1992,2020,2,2003,2020,True
SC,South,2010,2144,9468.37,False,1.220261809903244,False,False,False,1992,2020,2,2003,2020,True
SC,South,2011,3181,29686.05,False,1.4836753731343284,False,False,False,1992,2020,2,2003,2020,True
SC,South,2012,1971,15437.33,False,0.6196164728072933,False,False,False,1992,2020,2,2003,2020,True
SC,South,2013,1626,9478.73,False,0.8249619482496194,False,False,False,1992,2020,2,2003,2020,True
SC,South,2014,1893,11225.9,False,1.1642066420664208,False,False,False,1992,2020,2,2003,2020,True
SC,South,2015,1299,6625.41,False,0.6862123613312203,False,False,False,1992,2020,2,2003,2020,True
SC,South,2016,1428,18622.99,False,1.0993071593533488,False,False,False,1992,2020,2,2003,2020,True
SC,South,2017,1782,17764.68,False,1.2478991596638656,False,False,False,1992,2020,2,2003,2020,True
SC,South,2018,1496,14102.45,False,0.8395061728395061,False,False,False,1992,2020,2,2003,2020,True
SC,South,2019,1386,9825.99,False,0.9264705882352942,False,False,False,1992,2020,2,2003,2020,True
SC,South,2020,645,2801.66,False,0.4653679653679654,False,False,False,1992,2020,2,2003,2020,True
SD,Other,1992,554,59412.28,False,,False,False,False,1992,2020,1,1992,2019,True
SD,Other,1993,438,6133.3,False,0.7906137184115524,False,False,False,1992,2020,1,1992,2019,True
SD,Other,1994,882,16520.05,False,2.0136986301369864,False,False,False,1992,2020,1,1992,2019,True
SD,Other,1995,665,10273.22,False,0.753968253968254,False,False,False,1992,2020,1,1992,2019,True
SD,Other,1996,839,18689.02,False,1.261654135338346,False,False,False,1992,2020,1,1992,2019,True
SD,Other,1997,607,4318.61,False,0.7234803337306317,False,False,False,1992,2020,1,1992,2019,True
SD,Other,1998,816,14072.83,False,1.3443163097199342,False,False,False,1992,2020,1,1992,2019,True
SD,Other,1999,1409,80370.2253,False,1.7267156862745099,False,False,False,1992,2020,1,1992,2019,True
SD,Other,2000,2271,355266.064,False,1.6117814052519517,False,False,False,1992,2020,1,1992,2019,True
SD,Other,2001,1338,55260.743,False,0.5891677675033025,False,False,False,1992,2020,1,1992,2019,True
SD,Other,2002,1962,118526.794,False,1.4663677130044843,False,False,False,1992,2020,1,1992,2019,True
SD,Other,2003,1730,81492.56,False,0.8817533129459735,False,False,False,1992,2020,1,1992,2019,True
SD,Other,2004,1377,14652.8,False,0.7959537572254335,False,False,False,1992,2020,1,1992,2019,True
SD,Other,2005,1761,42559.43901,False,1.2788671023965141,False,False,False,1992,2020,1,1992,2019,True
SD,Other,2006,2646,197570.561,False,1.5025553662691653,False,False,False,1992,2020,1,1992,2019,True
SD,Other,2007,1627,81107.197,False,0.6148904006046864,False,False,False,1992,2020,1,1992,2019,True
SD,Other,2008,1190,41420.353,False,0.7314074984634297,False,False,False,1992,2020,1,1992,2019,True
SD,Other,2009,984,38708.7853,False,0.826890756302521,False,False,False,1992,2020,1,1992,2019,True
SD,Other,2010,1101,10395.776,False,1.1189024390243902,False,False,False,1992,2020,1,1992,2019,True
SD,Other,2011,1431,66036.496,False,1.2997275204359673,False,False,False,1992,2020,1,1992,2019,True
SD,Other,2012,2726,170466.449,False,1.9049615653389238,False,False,False,1992,2020,1,1992,2019,True
SD,Other,2013,1022,15061.18371,False,0.3749082905355833,False,False,False,1992,2020,1,1992,2019,True
SD,Other,2014,1023,18745.94,False,1.0009784735812133,False,False,False,1992,2020,1,1992,2019,True
SD,Other,2015,966,53566.46,False,0.9442815249266863,False,False,False,1992,2020,1,1992,2019,True
SD,Other,2016,1328,101816.3344,False,1.3747412008281574,False,False,False,1992,2020,1,1992,2019,True
SD,Other,2017,1496,76386.56361,False,1.1265060240963856,False,False,False,1992,2020,1,1992,2019,True
SD,Other,2018,592,5742.1900000000005,False,0.39572192513368987,False,False,False,1992,2020,1,1992,2019,True
SD,Other,2019,334,2127.335,False,0.5641891891891891,False,False,False,1992,2020,1,1992,2019,True
SD,Other,2020,1274,27638.2117,False,3.81437125748503,True,False,True,1992,2020,2,1992,2019,False
TN,South,1992,55,429.6,False,,False,False,False,1992,2020,1,2005,2020,False
TN,South,1993,65,866.4,False,1.1818181818181819,False,False,False,1992,2020,1,2005,2020,False
TN,South,1994,73,3300.2,False,1.123076923076923,False,False,False,1992,2020,1,2005,2020,False
TN,South,1995,106,2049.2,False,1.452054794520548,False,False,False,1992,2020,1,2005,2020,False
TN,South,1996,56,484.09999999999997,False,0.5283018867924528,False,False,False,1992,2020,1,2005,2020,False
TN,South,1997,1394,13043.7,False,24.892857142857142,True,False,True,1992,2020,2,2005,2020,False
TN,South,1998,1836,20857.1,False,1.3170731707317074,False,False,False,1992,2020,2,2005,2020,False
TN,South,1999,3454,42251.4,False,1.881263616557734,False,False,False,1992,2020,2,2005,2020,False
TN,South,2000,2674,75996.2,False,0.774174869716271,False,False,False,1992,2020,2,2005,2020,False
TN,South,2001,2521,62141.1,False,0.9427823485415109,False,False,False,1992,2020,2,2005,2020,False
TN,South,2002,1485,13353.7,False,0.589051963506545,False,False,False,1992,2020,2,2005,2020,False
TN,South,2003,31,1612.2,False,0.020875420875420877,False,True,True,1992,2020,3,2005,2020,False
TN,South,2004,69,2466.75,False,2.225806451612903,False,False,False,1992,2020,3,2005,2020,False
TN,South,2005,2041,24853.0,False,29.579710144927535,True,False,True,1992,2020,4,2005,2020,True
TN,South,2006,2183,32782.8,False,1.0695737383635473,False,False,False,1992,2020,4,2005,2020,True
TN,South,2007,3393,54314.83,False,1.554283096655978,False,False,False,1992,2020,4,2005,2020,True
TN,South,2008,1428,22644.47001,False,0.4208664898320071,False,False,False,1992,2020,4,2005,2020,True
TN,South,2009,1477,18139.07,False,1.0343137254901962,False,False,False,1992,2020,4,2005,2020,True
TN,South,2010,1904,22093.45,False,1.2890995260663507,False,False,False,1992,2020,4,2005,2020,True
TN,South,2011,1195,14787.0,False,0.6276260504201681,False,False,False,1992,2020,4,2005,2020,True
TN,South,2012,1203,21728.19,False,1.0066945606694562,False,False,False,1992,2020,4,2005,2020,True
TN,South,2013,638,10057.21,False,0.5303408146300914,False,False,False,1992,2020,4,2005,2020,True
TN,South,2014,1260,17872.77,False,1.974921630094044,False,False,False,1992,2020,4,2005,2020,True
TN,South,2015,612,8524.960000000001,False,0.4857142857142857,False,False,False,1992,2020,4,2005,2020,True
TN,South,2016,1403,90003.18,False,2.292483660130719,False,False,False,1992,2020,4,2005,2020,True
TN,South,2017,643,8467.85,False,0.45830363506771205,False,False,False,1992,2020,4,2005,2020,True
TN,South,2018,412,3929.25,False,0.640746500777605,False,False,False,1992,2020,4,2005,2020,True
TN,South,2019,535,5226.79,False,1.2985436893203883,False,False,False,1992,2020,4,2005,2020,True
TN,South,2020,385,3725.31,False,0.719626168224299,False,False,False,1992,2020,4,2005,2020,True
TX,South,1992,1168,33610.3,False,,False,False,False,1992,2020,1,2008,2020,False
TX,South,1993,1457,116873.7,False,1.2474315068493151,False,False,False,1992,2020,1,2008,2020,False
TX,South,1994,907,70917.5,False,0.6225120109814688,False,False,False,1992,2020,1,2008,2020,False
TX,South,1995,1648,56371.1,False,1.8169790518191842,False,False,False,1992,2020,1,2008,2020,False
TX,South,1996,2842,215923.0,False,1.7245145631067962,False,False,False,1992,2020,1,2008,2020,False
TX,South,1997,769,46779.9,False,0.2705840957072484,False,True,True,1992,2020,2,2008,2020,False
TX,South,1998,2024,136550.6,False,2.631989596879064,False,False,False,1992,2020,2,2008,2020,False
TX,South,1999,1777,91028.2,False,0.8779644268774703,False,False,False,1992,2020,2,2008,2020,False
TX,South,2000,2633,225478.3,False,1.4817107484524479,False,False,False,1992,2020,2,2008,2020,False
TX,South,2001,771,92226.2,False,0.2928218761868591,False,True,True,1992,2020,3,2008,2020,False
TX,South,2002,1228,43773.6,False,1.5927367055771724,False,False,False,1992,2020,3,2008,2020,False
TX,South,2003,1146,54094.15,False,0.9332247557003257,False,False,False,1992,2020,3,2008,2020,False
TX,South,2004,1040,34553.4,False,0.9075043630017452,False,False,False,1992,2020,3,2008,2020,False
TX,South,2005,6901,288851.35,False,6.635576923076923,True,False,True,1992,2020,4,2008,2020,False
TX,South,2006,15019,1851459.6999899999,False,2.1763512534415304,False,False,False,1992,2020,4,2008,2020,False
TX,South,2007,5477,135033.55,False,0.3646714162061389,False,False,False,1992,2020,4,2008,2020,False
TX,South,2008,18068,1493416.11999,False,3.29888625159759,True,False,True,1992,2020,5,2008,2020,True
TX,South,2009,14142,585669.98,False,0.7827097631171132,False,False,False,1992,2020,5,2008,2020,True
TX,South,2010,9353,242902.03,False,0.6613633149483807,False,False,False,1992,2020,5,2008,2020,True
TX,South,2011,19451,3496503.95,False,2.079653587084358,False,False,False,1992,2020,5,2008,2020,True
TX,South,2012,7623,163114.9,False,0.39190787106061387,False,False,False,1992,2020,5,2008,2020,True
TX,South,2013,9734,71736.92,False,1.2769250951069133,False,False,False,1992,2020,5,2008,2020,True
TX,South,2014,8538,143843.03,False,0.8771317033079926,False,False,False,1992,2020,5,2008,2020,True
TX,South,2015,8304,208761.73,False,0.9725931131412509,False,False,False,1992,2020,5,2008,2020,True
TX,South,2016,8586,306421.94,False,1.0339595375722543,False,False,False,1992,2020,5,2008,2020,True
TX,South,2017,8922,752278.1,False,1.0391334730957373,False,False,False,1992,2020,5,2008,2020,True
TX,South,2018,7531,475699.73,False,0.8440932526339385,False,False,False,1992,2020,5,2008,2020,True
TX,South,2019,6455,206158.01,False,0.8571238879298898,False,False,False,1992,2020,5,2008,2020,True
TX,South,2020,6573,270370.49,False,1.018280402788536,False,False,False,1992,2020,5,2008,2020,True
UT,West,1992,1092,37531.91,False,,False,False,False,1992,2020,1,1992,2020,True
UT,West,1993,710,19887.47,False,0.6501831501831502,False,False,False,1992,2020,1,1992,2020,True
UT,West,1994,1663,213555.1,False,2.3422535211267608,False,False,False,1992,2020,1,1992,2020,True
UT,West,1995,1151,199115.63999999998,False,0.6921226698737222,False,False,False,1992,2020,1,1992,2020,True
UT,West,1996,1666,511165.79,False,1.4474370112945265,False,False,False,1992,2020,1,1992,2020,True
UT,West,1997,862,32525.21,False,0.517406962785114,False,False,False,1992,2020,1,1992,2020,True
UT,West,1998,873,96563.06999999999,False,1.0127610208816706,False,False,False,1992,2020,1,1992,2020,True
UT,West,1999,1282,148497.92,False,1.4684994272623138,False,False,False,1992,2020,1,1992,2020,True
UT,West,2000,1855,227486.0,False,1.4469578783151327,False,False,False,1992,2020,1,1992,2020,True
UT,West,2001,1773,124083.65,False,0.9557951482479784,False,False,False,1992,2020,1,1992,2020,True
UT,West,2002,1143,239124.41,False,0.6446700507614214,False,False,False,1992,2020,1,1992,2020,True
UT,West,2003,1422,122967.76,False,1.2440944881889764,False,False,False,1992,2020,1,1992,2020,True
UT,West,2004,1519,85485.44,False,1.068213783403657,False,False,False,1992,2020,1,1992,2020,True
UT,West,2005,1357,252090.39,False,0.8933508887425938,False,False,False,1992,2020,1,1992,2020,True
UT,West,2006,1922,345550.761,False,1.4163596168017687,False,False,False,1992,2020,1,1992,2020,True
UT,West,2007,1546,645219.05001,False,0.8043704474505723,False,False,False,1992,2020,1,1992,2020,True
UT,West,2008,1061,34116.24,False,0.6862871927554981,False,False,False,1992,2020,1,1992,2020,True
UT,West,2009,1155,114442.582,False,1.0885956644674835,False,False,False,1992,2020,1,1992,2020,True
UT,West,2010,1054,62650.369999999995,False,0.9125541125541126,False,False,False,1992,2020,1,1992,2020,True
UT,West,2011,1095,62043.63,False,1.0388994307400379,False,False,False,1992,2020,1,1992,2020,True
UT,West,2012,1591,432902.185,False,1.4529680365296804,False,False,False,1992,2020,1,1992,2020,True
UT,West,2013,1249,70397.45,False,0.7850408548082967,False,False,False,1992,2020,1,1992,2020,True
UT,West,2014,1058,27185.371,False,0.8470776621297038,False,False,False,1992,2020,1,1992,2020,True
UT,West,2015,605,9825.6,False,0.5718336483931947,False,False,False,1992,2020,1,1992,2020,True
UT,West,2016,1108,101586.379,False,1.831404958677686,False,False,False,1992,2020,1,1992,2020,True
UT,West,2017,1173,248972.97,False,1.0586642599277978,False,False,False,1992,2020,1,1992,2020,True
UT,West,2018,1343,383539.124,False,1.144927536231884,False,False,False,1992,2020,1,1992,2020,True
UT,West,2019,1079,92518.2,False,0.8034251675353685,False,False,False,1992,2020,1,1992,2020,True
UT,West,2020,1575,308496.5304,False,1.4596848934198332,False,False,False,1992,2020,1,1992,2020,True
VA,South,1992,43,434.6,False,,False,False,False,1992,2020,1,2003,2020,False
VA,South,1993,54,564.0,False,1.255813953488372,False,False,False,1992,2020,1,2003,2020,False
VA,South,1994,78,1205.5,False,1.4444444444444444,False,False,False,1992,2020,1,2003,2020,False
VA,South,1995,1550,15136.75,False,19.871794871794872,True,False,True,1992,2020,2,2003,2020,False
VA,South,1996,824,3259.5,False,0.5316129032258065,False,False,False,1992,2020,2,2003,2020,False
VA,South,1997,1133,5199.3,False,1.375,False,False,False,1992,2020,2,2003,2020,False
VA,South,1998,1168,9279.1,False,1.030891438658429,False,False,False,1992,2020,2,2003,2020,False
VA,South,1999,1583,19266.2,False,1.355308219178082,False,False,False,1992,2020,2,2003,2020,False
VA,South,2000,988,32191.8,False,0.624131396083386,False,False,False,1992,2020,2,2003,2020,False
VA,South,2001,2101,20906.1,False,2.126518218623482,False,False,False,1992,2020,2,2003,2020,False
VA,South,2002,1572,19874.9,False,0.7482151356496907,False,False,False,1992,2020,2,2003,2020,False
VA,South,2003,344,5577.7,False,0.21882951653944022,False,True,True,1992,2020,3,2003,2020,True
VA,South,2004,301,3231.6,False,0.875,False,False,False,1992,2020,3,2003,2020,True
VA,South,2005,786,5424.54999,False,2.611295681063123,False,False,False,1992,2020,3,2003,2020,True
VA,South,2006,1268,23966.56001,False,1.61323155216285,False,False,False,1992,2020,3,2003,2020,True
VA,South,2007,1446,15894.49,False,1.140378548895899,False,False,False,1992,2020,3,2003,2020,True
VA,South,2008,1288,44093.05,False,0.8907330567081605,False,False,False,1992,2020,3,2003,2020,True
VA,South,2009,784,8032.24,False,0.6086956521739131,False,False,False,1992,2020,3,2003,2020,True
VA,South,2010,1025,11437.630000000001,False,1.3073979591836735,False,False,False,1992,2020,3,2003,2020,True
VA,South,2011,812,25007.88,False,0.7921951219512195,False,False,False,1992,2020,3,2003,2020,True
VA,South,2012,685,48077.78,False,0.8435960591133005,False,False,False,1992,2020,3,2003,2020,True
VA,South,2013,581,5871.55,False,0.8481751824817518,False,False,False,1992,2020,3,2003,2020,True
VA,South,2014,821,12566.539999999999,False,1.4130808950086058,False,False,False,1992,2020,3,2003,2020,True
VA,South,2015,597,6328.1,False,0.7271619975639464,False,False,False,1992,2020,3,2003,2020,True
VA,South,2016,682,35454.6,False,1.1423785594639866,False,False,False,1992,2020,3,2003,2020,True
VA,South,2017,594,6977.16,False,0.8709677419354839,False,False,False,1992,2020,3,2003,2020,True
VA,South,2018,639,8178.5,False,1.0757575757575757,False,False,False,1992,2020,3,2003,2020,True
VA,South,2019,390,3219.06,False,0.6103286384976526,False,False,False,1992,2020,3,2003,2020,True
VA,South,2020,405,5537.44,False,1.0384615384615385,False,False,False,1992,2020,3,2003,2020,True
VT,Northeast,1992,1,270.0,False,,False,False,False,1992,2020,1,2002,2010,False
VT,Northeast,1993,1,3.0,False,1.0,False,False,False,1992,2020,1,2002,2010,False
VT,Northeast,1994,6,25.3,False,6.0,False,False,False,1992,2020,1,2002,2010,False
VT,Northeast,1995,2,1.2,False,0.3333333333333333,False,False,False,1992,2020,1,2002,2010,False
VT,Northeast,1996,0,0.0,True,,False,False,False,1992,2020,-1,2002,2010,False
VT,Northeast,1997,2,3.0,False,1.0,False,False,False,1992,2020,3,2002,2010,False
VT,Northeast,1998,2,14.0,False,1.0,False,False,False,1992,2020,3,2002,2010,False
VT,Northeast,1999,3,10.5,False,1.5,False,False,False,1992,2020,3,2002,2010,False
VT,Northeast,2000,0,0.0,True,,False,False,False,1992,2020,-1,2002,2010,False
VT,Northeast,2001,0,0.0,True,,False,False,False,1992,2020,-1,2002,2010,False
VT,Northeast,2002,6,4.8,False,2.0,False,False,False,1992,2020,6,2002,2010,True
VT,Northeast,2003,9,8.2,False,1.5,False,False,False,1992,2020,6,2002,2010,True
VT,Northeast,2004,16,15.7,False,1.7777777777777777,False,False,False,1992,2020,6,2002,2010,True
VT,Northeast,2005,26,23.2,False,1.625,False,False,False,1992,2020,6,2002,2010,True
VT,Northeast,2006,4,5.95,False,0.15384615384615385,False,False,False,1992,2020,6,2002,2010,True
VT,Northeast,2007,5,10.75,False,1.25,False,False,False,1992,2020,6,2002,2010,True
VT,Northeast,2008,5,18.7,False,1.0,False,False,False,1992,2020,6,2002,2010,True
VT,Northeast,2009,1,0.5,False,0.2,False,False,False,1992,2020,6,2002,2010,True
VT,Northeast,2010,2,0.35,False,2.0,False,False,False,1992,2020,6,2002,2010,True
VT,Northeast,2011,0,0.0,True,,False,False,False,1992,2020,-1,2002,2010,False
VT,Northeast,2012,97,356.488,False,48.5,True,False,True,1992,2020,8,2002,2010,False
VT,Northeast,2013,126,275.308,False,1.2989690721649485,False,False,False,1992,2020,8,2002,2010,False
VT,Northeast,2014,55,163.111,False,0.4365079365079365,False,False,False,1992,2020,8,2002,2010,False
VT,Northeast,2015,87,346.42900000000003,False,1.5818181818181818,False,False,False,1992,2020,8,2002,2010,False
VT,Northeast,2016,116,215.82399999999998,False,1.3333333333333333,False,False,False,1992,2020,8,2002,2010,False
VT,Northeast,2017,47,46.9,False,0.4051724137931034,False,False,False,1992,2020,8,2002,2010,False
VT,Northeast,2018,52,104.07,False,1.1063829787234043,False,False,False,1992,2020,8,2002,2010,False
VT,Northeast,2019,19,22.43,False,0.36538461538461536,False,False,False,1992,2020,8,2002,2010,False
VT,Northeast,2020,91,134.3217,False,4.7894736842105265,True,False,True,1992,2020,9,2002,2010,False
WA,West,1992,1774,89681.05,False,,False,False,False,1992,2020,1,1992,2020,True
WA,West,1993,986,22629.0,False,0.5558060879368658,False,False,False,1992,2020,1,1992,2020,True
WA,West,1994,2021,271438.0,False,2.0496957403651117,False,False,False,1992,2020,1,1992,2020,True
WA,West,1995,1213,6727.8,False,0.6001979218208807,False,False,False,1992,2020,1,1992,2020,True
WA,West,1996,1091,148134.1,False,0.8994229183841714,False,False,False,1992,2020,1,1992,2020,True
WA,West,1997,999,27563.1,False,0.9156736938588451,False,False,False,1992,2020,1,1992,2020,True
WA,West,1998,1476,111620.59999999999,False,1.4774774774774775,False,False,False,1992,2020,1,1992,2020,True
WA,West,1999,1475,26175.17,False,0.9993224932249323,False,False,False,1992,2020,1,1992,2020,True
WA,West,2000,1227,291332.6,False,0.831864406779661,False,False,False,1992,2020,1,1992,2020,True
WA,West,2001,1158,223780.1,False,0.9437652811735942,False,False,False,1992,2020,1,1992,2020,True
WA,West,2002,1418,91469.27,False,1.224525043177893,False,False,False,1992,2020,1,1992,2020,True
WA,West,2003,1433,199540.61,False,1.0105782792665727,False,False,False,1992,2020,1,1992,2020,True
WA,West,2004,1591,93797.8,False,1.110258199581298,False,False,False,1992,2020,1,1992,2020,True
WA,West,2005,1089,138874.15,False,0.6844751728472659,False,False,False,1992,2020,1,1992,2020,True
WA,West,2006,1577,398481.11,False,1.4481175390266299,False,False,False,1992,2020,1,1992,2020,True
WA,West,2007,1302,264464.77,False,0.8256182625237793,False,False,False,1992,2020,1,1992,2020,True
WA,West,2008,1490,117879.42,False,1.1443932411674347,False,False,False,1992,2020,1,1992,2020,True
WA,West,2009,2000,87063.29000000001,False,1.342281879194631,False,False,False,1992,2020,1,1992,2020,True
WA,West,2010,1047,94309.8,False,0.5235,False,False,False,1992,2020,1,1992,2020,True
WA,West,2011,1029,42615.25,False,0.9828080229226361,False,False,False,1992,2020,1,1992,2020,True
WA,West,2012,1429,285381.41,False,1.3887269193391643,False,False,False,1992,2020,1,1992,2020,True
WA,West,2013,1378,153546.66,False,0.9643107067879636,False,False,False,1992,2020,1,1992,2020,True
WA,West,2014,1567,449900.92000000004,False,1.137155297532656,False,False,False,1992,2020,1,1992,2020,True
WA,West,2015,1741,1161646.38,False,1.1110402042118699,False,False,False,1992,2020,1,1992,2020,True
WA,West,2016,1264,310288.29,False,0.7260195290063182,False,False,False,1992,2020,1,1992,2020,True
WA,West,2017,1343,444950.05,False,1.0625,False,False,False,1992,2020,1,1992,2020,True
WA,West,2018,1671,428906.1,False,1.244229337304542,False,False,False,1992,2020,1,1992,2020,True
WA,West,2019,1462,155288.3,False,0.8749251944943148,False,False,False,1992,2020,1,1992,2020,True
WA,West,2020,1525,824676.0273,False,1.043091655266758,False,False,False,1992,2020,1,1992,2020,True
WI,Other,1992,1281,2519.07,False,,False,False,False,1992,2020,1,1992,2017,True
WI,Other,1993,883,1442.97,False,0.6893052302888368,False,False,False,1992,2020,1,1992,2017,True
WI,Other,1994,1971,5241.76,False,2.232163080407701,False,False,False,1992,2020,1,1992,2017,True
WI,Other,1995,1636,2315.29,False,0.8300355149670218,False,False,False,1992,2020,1,1992,2017,True
WI,Other,1996,1461,2927.94,False,0.8930317848410758,False,False,False,1992,2020,1,1992,2017,True
WI,Other,1997,1675,2621.6,False,1.1464750171115674,False,False,False,1992,2020,1,1992,2017,True
WI,Other,1998,1611,4095.52,False,0.9617910447761194,False,False,False,1992,2020,1,1992,2017,True
WI,Other,1999,1604,5353.08,False,0.9956548727498448,False,False,False,1992,2020,1,1992,2017,True
WI,Other,2000,1578,7014.37,False,0.983790523690773,False,False,False,1992,2020,1,1992,2017,True
WI,Other,2001,993,1364.55,False,0.629277566539924,False,False,False,1992,2020,1,1992,2017,True
WI,Other,2002,949,2600.56,False,0.9556898288016112,False,False,False,1992,2020,1,1992,2017,True
WI,Other,2003,2252,9084.332,False,2.3730242360379346,False,False,False,1992,2020,1,1992,2017,True
WI,Other,2004,1161,2354.912,False,0.5155417406749556,False,False,False,1992,2020,1,1992,2017,True
WI,Other,2005,1565,6513.318,False,1.3479758828596038,False,False,False,1992,2020,1,1992,2017,True
WI,Other,2006,1657,3074.506,False,1.0587859424920127,False,False,False,1992,2020,1,1992,2017,True
WI,Other,2007,1487,4452.04301,False,0.8974049487024743,False,False,False,1992,2020,1,1992,2017,True
WI,Other,2008,813,901.6320000000001,False,0.5467383994620041,False,False,False,1992,2020,1,1992,2017,True
WI,Other,2009,1568,4142.174447,False,1.928659286592866,False,False,False,1992,2020,1,1992,2017,True
WI,Other,2010,1288,2500.7956,False,0.8214285714285714,False,False,False,1992,2020,1,1992,2017,True
WI,Other,2011,735,635.757,False,0.5706521739130435,False,False,False,1992,2020,1,1992,2017,True
WI,Other,2012,1379,2796.7,False,1.8761904761904762,False,False,False,1992,2020,1,1992,2017,True
WI,Other,2013,692,9138.07,False,0.5018129079042785,False,False,False,1992,2020,1,1992,2017,True
WI,Other,2014,605,2823.736,False,0.8742774566473989,False,False,False,1992,2020,1,1992,2017,True
WI,Other,2015,965,2721.44,False,1.5950413223140496,False,False,False,1992,2020,1,1992,2017,True
WI,Other,2016,712,1157.992,False,0.7378238341968912,False,False,False,1992,2020,1,1992,2017,True
WI,Other,2017,696,665.176,False,0.9775280898876404,False,False,False,1992,2020,1,1992,2017,True
WI,Other,2018,2099,3823.325,False,3.0158045977011496,True,False,True,1992,2020,2,1992,2017,False
WI,Other,2019,1212,1665.04,False,0.5774178180085755,False,False,False,1992,2020,2,1992,2017,False
WI,Other,2020,1663,2769.2599999999998,False,1.3721122112211221,False,False,False,1992,2020,2,1992,2017,False
WV,South,1992,701,7514.4,False,,False,False,False,1992,2020,1,1992,2020,True
WV,South,1993,846,9433.8,False,1.2068473609129815,False,False,False,1992,2020,1,1992,2020,True
WV,South,1994,1010,50906.8,False,1.1938534278959811,False,False,False,1992,2020,1,1992,2020,True
WV,South,1995,1241,41583.6,False,1.2287128712871287,False,False,False,1992,2020,1,1992,2020,True
WV,South,1996,651,5858.5,False,0.5245769540692989,False,False,False,1992,2020,1,1992,2020,True
WV,South,1997,719,7534.95,False,1.1044546850998465,False,False,False,1992,2020,1,1992,2020,True
WV,South,1998,1006,20567.31,False,1.3991655076495133,False,False,False,1992,2020,1,1992,2020,True
WV,South,1999,1949,103301.45,False,1.937375745526839,False,False,False,1992,2020,1,1992,2020,True
WV,South,2000,1106,50401.3,False,0.5674704976911237,False,False,False,1992,2020,1,1992,2020,True
WV,South,2001,1790,97542.6,False,1.6184448462929475,False,False,False,1992,2020,1,1992,2020,True
WV,South,2002,1000,10802.4,False,0.5586592178770949,False,False,False,1992,2020,1,1992,2020,True
WV,South,2003,641,8380.35,False,0.641,False,False,False,1992,2020,1,1992,2020,True
WV,South,2004,618,6097.3,False,0.9641185647425897,False,False,False,1992,2020,1,1992,2020,True
WV,South,2005,761,15436.4,False,1.2313915857605178,False,False,False,1992,2020,1,1992,2020,True
WV,South,2006,1026,16152.4,False,1.3482260183968462,False,False,False,1992,2020,1,1992,2020,True
WV,South,2007,836,7519.69,False,0.8148148148148148,False,False,False,1992,2020,1,1992,2020,True
WV,South,2008,886,14352.45,False,1.0598086124401913,False,False,False,1992,2020,1,1992,2020,True
WV,South,2009,977,16504.0,False,1.102708803611738,False,False,False,1992,2020,1,1992,2020,True
WV,South,2010,796,25454.16,False,0.8147389969293757,False,False,False,1992,2020,1,1992,2020,True
WV,South,2011,489,5811.46,False,0.614321608040201,False,False,False,1992,2020,1,1992,2020,True
WV,South,2012,694,16745.52,False,1.4192229038854807,False,False,False,1992,2020,1,1992,2020,True
WV,South,2013,580,9714.03,False,0.8357348703170029,False,False,False,1992,2020,1,1992,2020,True
WV,South,2014,951,13638.51,False,1.639655172413793,False,False,False,1992,2020,1,1992,2020,True
WV,South,2015,685,17251.37,False,0.7202944269190326,False,False,False,1992,2020,1,1992,2020,True
WV,South,2016,749,17197.48,False,1.0934306569343066,False,False,False,1992,2020,1,1992,2020,True
WV,South,2017,549,6837.12,False,0.732977303070761,False,False,False,1992,2020,1,1992,2020,True
WV,South,2018,474,5954.41,False,0.8633879781420765,False,False,False,1992,2020,1,1992,2020,True
WV,South,2019,722,8554.27,False,1.5232067510548524,False,False,False,1992,2020,1,1992,2020,True
WV,South,2020,611,4732.35,False,0.8462603878116344,False,False,False,1992,2020,1,1992,2020,True
WY,West,1992,746,22241.8,False,,False,False,False,1992,2020,1,1997,2020,False
WY,West,1993,269,5323.450000000001,False,0.3605898123324397,False,False,False,1992,2020,1,1997,2020,False
WY,West,1994,919,64564.2,False,3.41635687732342,True,False,True,1992,2020,2,1997,2020,False
WY,West,1995,530,12563.75,False,0.5767138193688792,False,False,False,1992,2020,2,1997,2020,False
WY,West,1996,1032,270174.35,False,1.9471698113207547,False,False,False,1992,2020,2,1997,2020,False
WY,West,1997,195,8315.6,False,0.18895348837209303,False,True,True,1992,2020,3,1997,2020,True
WY,West,1998,198,4649.6,False,1.0153846153846153,False,False,False,1992,2020,3,1997,2020,True
WY,West,1999,305,39686.200000000004,False,1.5404040404040404,False,False,False,1992,2020,3,1997,2020,True
WY,West,2000,571,367712.3,False,1.8721311475409836,False,False,False,1992,2020,3,1997,2020,True
WY,West,2001,672,66991.0,False,1.1768826619964974,False,False,False,1992,2020,3,1997,2020,True
WY,West,2002,669,132867.5,False,0.9955357142857143,False,False,False,1992,2020,3,1997,2020,True
WY,West,2003,716,91933.0,False,1.070254110612855,False,False,False,1992,2020,3,1997,2020,True
WY,West,2004,410,23946.17,False,0.5726256983240223,False,False,False,1992,2020,3,1997,2020,True
WY,West,2005,521,26183.0,False,1.2707317073170732,False,False,False,1992,2020,3,1997,2020,True
WY,West,2006,769,245299.11000000002,False,1.476007677543186,False,False,False,1992,2020,3,1997,2020,True
WY,West,2007,595,94156.9,False,0.7737321196358907,False,False,False,1992,2020,3,1997,2020,True
WY,West,2008,449,102269.11,False,0.7546218487394958,False,False,False,1992,2020,3,1997,2020,True
WY,West,2009,474,23649.14,False,1.0556792873051224,False,False,False,1992,2020,3,1997,2020,True
WY,West,2010,631,86949.4492,False,1.3312236286919832,False,False,False,1992,2020,3,1997,2020,True
WY,West,2011,640,134830.58,False,1.0142630744849446,False,False,False,1992,2020,3,1997,2020,True
WY,West,2012,1046,482305.46,False,1.634375,False,False,False,1992,2020,3,1997,2020,True
WY,West,2013,581,54321.8,False,0.5554493307839388,False,False,False,1992,2020,3,1997,2020,True
WY,West,2014,595,7725.89,False,1.0240963855421688,False,False,False,1992,2020,3,1997,2020,True
WY,West,2015,632,36821.225,False,1.0621848739495798,False,False,False,1992,2020,3,1997,2020,True
WY,West,2016,1169,260196.97,False,1.8496835443037976,False,False,False,1992,2020,3,1997,2020,True
WY,West,2017,1030,123376.15000000001,False,0.8810949529512404,False,False,False,1992,2020,3,1997,2020,True
WY,West,2018,1171,225226.05,False,1.1368932038834951,False,False,False,1992,2020,3,1997,2020,True
WY,West,2019,850,44441.58,False,0.7258753202391118,False,False,False,1992,2020,3,1997,2020,True
WY,West,2020,1624,292019.542,False,1.9105882352941177,False,False,False,1992,2020,3,1997,2020,True
